RON,S.ZORB.PDT_3002.DACA,S.ZORB.PDT_3502.DACA,S.ZORB.TC_5005.PV,S.ZORB.LI_9102.DACA,S.ZORB.SIS_TE_2802,S.ZORB.FC_1203.PV,S.ZORB.TE_5202.PV,S.ZORB.PDT_3602.DACA,Raw_RON,S.ZORB.TC_1606.PV,S.ZORB.FT_3001.DACA,S.ZORB.PDT_1004.DACA,S.ZORB.AT.0010.DACA.PV,S.ZORB.TE_9301.PV,S.ZORB.LT_1301.DACA,S.ZORB.FT_5101.PV,S.ZORB.TE_1608.PV,S.ZORB.FT_5201.PV,S.ZORB.TE_2501.DACA,S.ZORB.AT_6201.DACA,S.ZORB.PC_2401.DACA,S.ZORB.FT_1003.PV,JT,S.ZORB.BS_AT_2402.PV,S.ZORB.FC_5001.DACA,S.ZORB.PT_6005.DACA,S.ZORB.TE_1601.PV,S.ZORB.FT_1006.DACA.PV,S.ZORB.LT_2901.DACA
89.22,15.7311,9.3083,129.8417,38.5827,273.2372,11.8764,35.8212,0.1662,90.6,413.0808,53.7536,7.7189,0.5442,196.9936,-0.6786,771.817,448.4572,117.5145,192.2735,-40.4507,1.7338,46.4817,2.32,0.1657,2564.2634,-0.2888,362.8572,6368.747,3.8481
89.32,22.7904,10.6112,129.8441,28.8229,282.0436,11.4191,35.0052,0.2143,90.5,409.9786,80.1127,8.1081,0.541,197.4851,-1.2617,678.9409,443.138,110.819,187.7075,-40.3734,1.6628,43.8109,2.37,0.165,2277.3611,-0.2609,359.9192,6360.6453,3.8486
89.32,22.9342,9.4571,129.6369,38.2631,274.1667,11.5726,32.8114,0.1804,90.7,409.947,80.0608,7.4366,0.5413,201.774,-0.8634,563.5862,437.6325,119.9549,195.6202,-40.6534,1.5874,44.433,2.43,0.1663,2117.8925,-0.3324,362.1211,6504.9649,3.452
89.02,25.1861,10.0584,130.9427,52.8067,270.0702,11.7341,35.0016,0.3239,90.4,410.0554,92.6729,6.7196,0.534,196.4212,-0.7734,681.9708,434.9628,119.2925,204.1488,-40.3948,1.4644,50.4176,3.08,0.1671,2078.1086,-0.3312,362.649,6506.825,2.0549
88.32,19.3526,10.182,130.7587,25.5148,268.022,11.6739,34.4444,0.3221,89.6,409.9473,66.564,7.3473,0.5419,192.6426,-0.7905,715.3468,429.3234,110.9421,215.2273,-40.5552,1.5513,52.7069,2.45,0.1653,2057.85,-0.4407,365.7978,6560.2423,2.0845
89.59,21.3219,9.7698,130.0322,37.6116,280.1175,12.1418,34.7904,0.2552,91,409.9372,77.5413,5.8055,0.5466,191.5672,-0.5533,731.1526,430.7409,120.3151,210.6558,-40.3791,1.6088,48.2577,2.31,0.1667,1940.6934,-0.3961,365.7881,4995.8179,0.968
89.2,21.4003,9.9145,128.9459,51.5961,279.2018,11.851,34.3276,0.2604,90.4,409.9917,77.1476,6.4374,0.553,190.7841,-0.7209,674.4375,434.501,109.3001,213.0114,-40.6163,1.58,47.8878,2.38,0.1685,1863.941,-0.3508,364.6735,5013.5304,0.879
89.2,21.2139,9.9246,130.2752,25.9083,291.163,11.3308,37.6474,0.2891,90.5,410.0162,74.9011,4.8183,0.5255,192.4339,-0.7395,959.0756,442.7544,123.4683,210.5171,-40.3958,1.5023,47.5255,3,0.1622,2229.6758,-0.2549,360.8434,5085.5481,0.4387
89.3,20.8604,9.9266,129.9749,48.7509,280.8944,11.278,36.0272,0.244,90.4,409.9874,77.2966,5.1418,0.5497,191.5742,-0.6691,865.7672,438.5423,113.1878,207.974,-40.3494,1.6565,45.2804,2.32,0.166,2334.8248,-0.3144,362.6232,5089.856,-0.0012
88.8,18.7165,10.2706,129.048,33.923,283.2769,11.6864,35.88,0.2601,90.2,410.1134,70.4908,4.3259,0.55,206.8057,-0.3665,935.9836,437.6162,126.0658,216.3921,-40.4906,1.5393,51.6357,2.32,0.16,2434.024,-0.3567,362.9784,5035.9411,-0.0006
88.9,15.2556,10.0367,127.4696,47.3296,278.3013,9.2661,35.2843,0.2282,90.2,409.9576,57.7171,6.9849,0.5448,198.6306,-0.5037,632.5331,441.5604,53.6294,212.8846,-40.4334,1.4875,55.4712,1.99,0.1588,2629.7534,-0.2959,357.9807,5113.008,-0.0023
88.9,19.6754,10.1521,127.8682,27.199,282.5534,9.4416,35.5993,0.3105,90.2,409.9024,78.2426,6.8783,0.541,184.9157,-0.594,771.1941,442.3221,54.3213,221.5117,-40.8067,1.4535,55.1119,2.01,0.1615,3123.3104,-0.2789,358.4909,5143.6871,0.0029
87.7,14.2535,10.6453,125.3812,39.4421,276.0089,9.1072,34.9972,0.3622,89.2,410.0501,47.3222,6.556,0.5467,187.1825,-0.9452,1000.824,443.5427,54.8241,216.5169,-40.4965,1.3478,50.0477,1.74,0.1656,3578.0258,-0.2422,357.891,5193.7348,41.1297
85.4,14.0295,10.0063,128.889,25.9888,271.3019,9.4802,34.7634,0.2729,86.8,409.9693,51.3075,6.5307,0.5456,199.8772,-0.7972,1048.4443,437.7346,48.88,214.4541,-40.4686,1.3405,54.014,2.06,0.1619,3519.0304,-0.2683,361.5981,5167.5338,40.3572
86.1,16.5253,10.5175,123.8879,41.8492,272.6404,9.8267,35.1311,0.2734,87.8,409.9799,72.2629,5.7347,0.5437,196.3017,-0.2807,854.1842,439.5921,55.4909,180.7248,-40.3094,1.6029,53.569,2.03,0.161,2871.1649,-0.3201,359.8376,5293.4297,35.0684
86.7,19.0911,9.6889,124.5075,33.5961,265.6136,9.757,35.0154,0.5954,88.4,410.0578,79.6932,5.4342,0.5406,199.3361,5.2572,769.4439,432.4802,69.7317,190.3956,-40.3325,1.6639,66.0833,2.06,0.1571,2539.6368,-0.3995,362.8358,5234.3488,34.8919
86.1,18.6691,10.5438,123.7441,53.9047,267.1597,9.6594,34.959,0.3249,87.2,409.9587,77.788,5.5897,0.538,197.2444,-0.7213,911.1237,437.0017,54.5499,192.6579,-40.3332,1.5547,53.4831,1.74,0.1626,2793.1915,-0.3412,361.3624,5378.558,34.3128
86.49,17.1434,11.056,124.041,57.6365,254.0415,9.9279,34.4814,0.7303,88,410.0251,91.7675,5.39,0.5767,193.0156,-0.5176,785.3731,434.9349,52.9488,170.2916,-41.1213,1.4636,52.5044,1.76,0.1679,2632.1027,-0.3272,361.3262,4617.9967,32.6168
87.09,17.3078,10.5375,124.401,18.2631,264.0232,9.4262,35.8873,0.45,88.2,410.0849,91.4965,5.6859,0.5481,196.294,-0.6178,869.6207,443.6097,55.2228,193.0898,-40.4722,1.5834,53.7498,1.755,0.1663,2453.7623,-0.2781,361.114,4625.965,31.9509
87.59,17.0603,10.3565,124.8796,30.7049,271.7476,9.8637,35.5574,0.4042,88.8,409.9505,92.251,5.9833,0.5494,199.4194,0.3228,873.3973,445.1741,56.5834,202.8478,-40.6082,1.4618,54.775,1.64,0.1653,2399.0571,-0.3144,361.6758,4754.4619,31.7024
86.59,15.4003,10.2375,124.9698,27.396,266.3889,9.5478,33.4084,0.4236,88.1,409.9936,78.5404,5.6071,0.5397,204.8057,-0.9562,934.1116,450.6274,55.6417,214.0823,-40.5475,1.547,52.4228,1.669868056,0.1658,2534.3664,-0.2597,360.3943,4710.3484,28.4642
87.19,14.0258,9.8661,125.5952,17.3427,270.0275,9.955,34.1246,0.2245,88.2,409.853,75.1732,5.5836,0.5659,206.2919,-0.6051,922.1918,451.4774,53.1149,196.1696,-40.8602,0.4654,50.7193,1.71,0.1618,2594.7601,-0.2694,359.4198,4724.9449,27.0817
87.99,17.9735,9.212,127.2134,51.1327,276.5919,11.6759,36.7041,0.5863,89.6,409.9972,98.9942,4.4273,0.5367,202.6092,-0.6363,1066.9212,443.5358,105.98,211.4799,-40.3803,1.3262,51.2702,1.66,0.1601,1988.7276,-0.3335,364.2104,4722.6842,23.0668
87.59,17.5131,9.1346,126.8921,41.3173,259.1926,11.1419,32.7082,0.6942,89,410.0876,102.3415,4.5298,0.5334,212.4671,-0.3908,943.0344,440.9858,91.7382,203.6186,-40.4697,1.3232,36.7304,1.63,0.1616,2409.9704,-0.3642,364.5177,4659.7764,22.0197
87.89,12.6629,9.7292,125.8998,34.0579,263.3089,11.1693,37.1212,0.3864,89.3,409.9816,96.4908,4.0966,0.5493,188.7196,-0.3867,1182.6107,436.0637,90.3234,215.13,-40.4909,1.3148,34.7781,1.62,0.1672,2476.1815,-0.4244,366.7066,4706.2808,20.4878
87.69,9.939,9.7179,126.622,42.28,269.0781,11.4799,37.0127,0.6512,89.2,409.9863,97.2338,3.6929,0.5279,192.2757,-0.4336,968.5629,441.3129,95.0144,210.6665,-40.5387,1.3255,34.7657,1.01,0.1645,2257.9257,-0.3716,365.6027,4723.1183,19.9833
87.29,16.278,9.7207,126.6139,41.5044,263.4127,10.8085,37.2343,0.3014,88.7,409.9956,82.0605,2.8517,0.5418,179.3194,8.7674,1002.8725,445.1662,101.9965,204.0257,-40.4802,1.3087,35.8712,1.63,0.1713,2289.4013,-0.3102,363.6476,4710.7758,19.4188
87.89,16.1656,9.0982,126.0949,22.6729,273.5302,11.1135,35.8132,0.3369,89,410.0642,78.3175,2.2285,0.5345,183.6354,-0.1721,1359.5892,446.6699,100.4957,215.9425,-40.4832,1.2638,34.4936,1.68,0.1653,2459.5919,-0.2664,364.293,4718.4867,19.5353
88.29,16.8867,8.8602,126.8268,39.4349,269.9832,10.8882,37.0602,0.4848,89.7,409.9418,97.8067,33.5681,0.5321,228.6175,0.6939,973.7501,442.5845,94.1293,212.2727,-40.4788,1.2253,36.2442,1.79,0.1672,2011.8329,-0.3235,364.8673,4730.8891,16.9472
87.99,15.5323,9.1925,126.6816,51.3181,270.0748,11.5398,37.6458,0.362,89.2,410.0511,100.3321,33.2903,0.5419,193.895,0.1601,926.4363,445.7838,95.6836,210.3818,-40.5615,1.2845,38.2516,1.736666667,0.1633,2130.5576,-0.3335,364.2126,4671.9988,15.3032
87.39,13.3324,9.6126,126.9113,54.5663,278.3242,11.0325,37.3719,0.7262,89.1,409.9449,96.0819,33.6558,0.5309,192.1121,-0.3506,1250.6692,449.7213,92.2455,214.5625,-40.4511,1.4321,36.8094,1.73,0.1615,1278.6385,-0.2777,363.8739,4779.865,13.9047
87.09,11.16,9.6674,126.5277,19.3685,267.5198,11.3348,35.8967,0.7282,88.5,410.9903,98.2413,33.6309,0.5408,188.4125,0.6038,1092.0016,447.2796,90.9251,216.7492,-40.5737,1.2516,34.9142,1.796666667,0.1646,2306.8035,-0.2979,365.9024,4692.3122,12.1641
87.29,8.7703,9.7634,126.2974,15.5523,273.312,11.3676,35.0011,0.519,88.4,410.9436,99.1951,33.5788,0.5321,197.2988,-0.2702,1064.6772,449.3355,94.1337,219.0013,-40.4236,1.4664,38.3278,2.05,0.1636,2282.5253,-0.308,364.8129,4725.7098,10.0878
87.19,8.8045,8.846,126.5908,25.4776,275.2442,11.334,35.1132,0.5822,88.1,410.9529,98.6345,35.0934,0.5507,195.9923,-0.3353,1170.4402,448.4915,91.1095,221.2983,-40.5076,1.374,40.6081,1.75,0.1605,2168.135,-0.2971,365.2708,4748.0337,7.82
87.59,8.1504,9.3198,125.9392,48.3948,272.0559,11.6313,35.175,0.3676,88.7,411.032,98.7456,32.3118,0.5357,192.9326,0.1857,1220.7938,448.0274,105.0969,210.6839,-40.5743,1.386,48.167,2,0.1681,2415.5579,-0.3159,365.9171,4784.3497,4.9057
86.09,8.1771,9.3469,126.8988,51.4172,266.3523,11.8249,34.9366,0.7654,87.5,410.989,99.1375,32.679,0.54,189.3527,0.6618,943.4647,448.9052,107.509,206.9457,-40.5874,1.4006,49.8601,1.813333333,0.1755,2100.69,-0.3031,364.7475,4731.173,3.381
88.09,11.6958,9.1422,127.2841,43.0187,281.7903,11.3172,36.2831,0.4092,89.4,411.0036,140.7783,32.7773,0.5542,182.4582,1.2622,1015.5025,447.9691,104.2635,219.5131,-40.3226,1.409,49.2975,1.733333333,0.1578,1895.2841,-0.2944,365.0766,4689.3636,0.467
87.79,10.6104,11.6613,127.3513,15.2071,287.4893,11.88,35.1889,0.617,89.1,411.1322,136.4335,32.792,0.5324,191.8654,-0.1332,965.3377,445.5908,108.1291,207.5958,-40.4663,0.726,50.5869,2.23,0.1615,1839.5867,-0.3243,365.8356,4586.9571,-0.0152
88.26,17.5246,9.8505,122.0284,70.5407,272.2436,11.8419,34.766,0.5895,89.5,410.9796,148.0211,31.866,0.5435,178.9637,5.6237,1163.426,436.7635,72.4769,223.9466,-40.5506,1.4628,49.6284,1.72,0.161,1184.5851,-0.4534,368.5307,5556.612948,38.7744
88.26,7.8906,10.0108,122.3722,63.6733,273.75,11.8987,35.4174,0.2534,89.7,410.942,112.8361,30.569,0.5378,179.6558,-0.2871,1135.1003,444.5049,76.1636,220.2253,-40.3223,1.4366,48.8226,1.88,0.1621,1063.2977,-0.2823,366.2966,5573.749674,37.5799
87.66,8.1661,9.7957,127.8824,66.1129,264.8993,11.6617,34.5275,0.6461,89.2,411.0326,109.5413,32.2204,0.5451,192.9075,0.0262,1051.7201,441.3459,104.1943,212.8141,-40.4372,1.5026,47.8386,1.79,0.1693,1790.2397,-0.2802,367.6558,39,36.7503
88.58,5.7455,9.718,125.2367,25.1417,280.2701,11.8555,34.9203,0.6838,89.8,409.9659,86.5385,32.3689,0.5372,183.6474,-0.451,877.3909,445.8147,103.6029,217.9522,-40.4827,1.3257,47.0191,1.92,0.1602,1664.6205,-0.2855,364.4046,3769.4958,35.0983
88.06,5.6703,11.8644,118.9947,53.4276,265.931,11.8677,33.2625,0.6917,89.6,410.0261,90.2457,33.7623,0.5386,192.0912,0.4107,970.3805,426.5461,97.0565,210.8682,-40.8849,0.8393,48.6039,1.88,0.1734,1510.5941,-0.5776,370.1226,39,32.749
88.1,5.6075,9.9101,117.4953,26.5267,273.1288,12.0087,34.8072,0.7475,89.5,410.9441,88.6848,33.0637,0.5388,187.9251,-0.0513,602.3281,445.0703,100.644,201.7504,-40.6854,1.3784,48.7292,1.74,0.1726,1321.2013,-0.3542,364.8435,5575.1993,24.791
88.5,6.0589,9.8086,123.5958,58.7721,284.5116,11.4054,34.9073,0.7438,89.7,410.9736,93.29,32.261,0.5444,182.5949,-0.4569,711.6584,451.0622,99.1591,200.7416,-40.3978,1.5831,46.5672,2.92,0.1631,1650.1163,-0.2878,363.3705,5426.3782,21.0682
88.3,15.2832,9.9958,123.013,57.1132,285.5479,11.3999,35.4742,0.5938,89.5,411.0175,76.797,33.444,0.5328,199.2893,0.1069,713.18,453.2269,95.9174,180.3862,-40.4247,1.6994,42.5325,2.52,0.1588,1707.5984,-0.2632,362.4002,5403.5872,17.1739
88.3,16.0188,12.024,119.7987,64.2867,284.9267,11.747,34.5891,0.6254,89.6,410.9312,73.1468,33.1438,0.5522,195.0073,-0.6724,724.7799,437.4073,64.0451,219.6407,-40.647,0.8061,44.1241,1.73,0.1645,1088.6923,-0.4144,367.8673,5601.2034,16.8685
88.8,13.6414,11.0028,119.8462,31.1533,296.0302,11.6245,36.773,0.4203,90,411.8451,67.9423,33.2971,0.5516,193.7645,-0.5498,644.3644,452.93,76.4627,206.2147,-40.5865,0.996,42.8738,2.08,0.168,1316.2522,-0.2813,362.1021,5689.771,10.9702
89.1,14.6756,10.0487,118.5026,46.6897,282.1978,12.004,34.9648,0.5697,90.2,412.0668,72.0148,32.1364,0.5411,215.8354,-0.485,532.7799,453.6434,89.0849,188.0227,-40.4463,1.6402,45.507,1.84,0.1662,674.963,-0.3093,360.5769,5630.8673,7.0315
88.6,14.0923,9.5974,118.6617,40.8934,273.3318,12.0464,34.9012,0.6932,89.6,411.995,78.4433,30.0483,0.5392,213.948,2.8093,431.64,450.7038,104.7657,180.7194,-40.4713,1.5918,46.1872,1.98,0.1626,846.6957,-0.4129,360.0588,5715.6217,1.7368
88.42,10.3,9.9331,117.4872,32.0495,268.8507,12.2726,34.7304,0.6397,89.6,412.5793,60.166,31.8005,0.5202,217.426,0.1837,445.7189,453.5759,69.65,183.6702,-40.466,1.6701,46.8621,3.45,0.1622,1018.7153,-0.4152,361.1544,6299.4043,-0.0116
88.7,15.1034,10.1999,119.4129,66.1053,268.109,11.4408,34.1564,0.5884,90.1,412.6245,84.4371,31.919,0.5291,194.2055,0.183,589.8618,448.7593,102.7694,185.1724,-40.3948,1.5871,47.4615,1.67,0.1606,1536.4835,-0.4303,362.4778,5175.7821,-0.0105
89,11.8427,10.3279,118.6655,67.7521,273.7683,12.3165,33.6995,0.3031,90.2,411.8998,65.8254,30.7966,0.5526,219.8768,-0.029,508.2456,450.1158,113.914,189.7623,-40.6147,1.6341,48.039,3.13,0.1638,1276.116,-0.303,361.6141,5570.5475,-0.0072
88.9,11.946,10.4659,122.1561,46.7481,276.9918,11.7659,37.5488,0.4033,90.1,412.0332,60.4763,30.0266,0.5383,213.1529,-0.7201,571.8775,450.7366,120.4931,202.0527,-40.3978,1.6054,47.6839,2.78,0.1684,521.3735,-0.3094,362.9184,5615.3356,-0.0034
88.6,11.884,10.8598,119.749,39.0864,267.5168,12.3169,37.2687,0.5651,89.8,412.0225,66.886,30.9571,0.5476,203.5035,5.2783,448.0092,449.715,101.2109,189.3654,-41.1859,1.6375,47.1855,3.2,0.1719,1026.0148,-0.3357,362.8848,5566.8206,-0.011
88.2,15.2845,11.0016,122.1864,23.1933,272.5778,12.9089,36.207,0.4383,89.6,411.97,81.404,30.6889,0.5441,198.6117,-0.5048,742.3875,450.7937,111.2424,187.5643,-40.5416,1.5708,46.9517,2.53,0.1733,1233.9155,-0.3102,363.5377,5324.3292,-0.0076
88.3,15.4925,11.6756,119.989,28.2869,279.0293,12.9621,36.5488,0.3864,89.4,412.0881,81.0699,29.5231,0.5482,186.8901,-0.6166,600.147,456.4919,81.9687,192.2177,-40.6071,1.6375,47.6437,1.64,0.1697,967.339,-0.2585,361.838,5269.947,-0.0099
87.45,15.4299,13.8936,119.2001,36.829,274.6749,12.7838,35.9915,0.5314,88.7,411.9921,81.769,29.1773,0.5451,193.469,7.3849,452.9703,445.9721,109.1533,196.279,-40.7704,1.1353,47.5062,1.57,0.1687,1310.3649,-0.2329,363.5697,10090.8725,-0.0058
87.65,15.4725,14.0148,126.4123,62.4925,271.221,12.894,34.5701,0.5214,89.4,411.9919,81.0583,22.9663,0.5485,194.5063,-0.1745,477.0532,427.9813,109.2629,189.6676,-40.5397,1.2067,47.1155,1.78,0.17,1479.7604,-0.41,365.5435,10082.8536,-0.0041
88.02,16.4865,14.1275,124.013,40.8924,280.4243,12.6966,35.6727,0.4521,89.2,412.0359,86.4191,26.8277,0.5346,207.4932,-0.504,549.0304,430.1219,107.5904,193.8916,-40.4849,1.3034,48.9906,2.45,0.1686,1317.6124,-0.4151,365.8311,6038.7931,-0.006
88.02,17.2096,14.4354,128.9427,69.881,269.5131,12.6001,34.7867,0.6376,89.7,412.0761,91.4997,26.6185,0.5556,211.6751,1.092,586.7748,434.9316,111.66,181.0187,-40.6119,1.2797,50.7142,2.55,0.1742,1742.1338,-0.361,364.0332,6337.1394,42.246
87.22,17.7441,14.2085,128.9149,61.1256,276.6194,10.9656,35.9412,0.449,89,412.1147,92.5802,27.7057,0.5509,231.0963,4.9934,678.9923,433.7005,107.7937,188.1607,-40.502,1.2962,51.8026,2.68,0.1662,1753.1457,-0.3606,364.4969,6280.3462,41.4472
87.52,17.6047,14.438,128.6679,77.0814,276.4957,11.3503,35.7524,0.4061,89.1,412.0902,91.9841,26.134,0.5415,218.8761,-0.6097,561.0838,432.0726,113.1751,190.9696,-40.5011,1.1593,52.2127,1.71,0.1685,1591.7108,-0.3683,365.2396,6344.189,38.8325
87.22,14.5178,10.9175,128.7724,20.6464,270.0015,10.6068,36.3033,0.3339,88.8,412.0568,79.0311,30.116,0.5492,214.8981,6.4929,665.1696,448.8854,113.6815,186.854,-40.3425,1.5069,48.5118,1.64,0.1694,1795.7922,-0.3867,362.8968,6247.4563,37.5932
87.22,11.1319,11.4266,127.4614,45.3955,269.2308,10.9669,34.8543,0.3825,88.3,411.9743,59.3921,30.2647,0.5472,202.582,0.4257,564.2631,449.9343,123.0484,182.0723,-40.5966,1.5749,48.9631,2.77,0.1701,1775.7252,-0.3716,360.7688,6328.5237,37.3299
87.42,12.3737,12.9417,127.0207,20.9835,282.3321,10.4161,37.1633,0.3559,88.7,411.9905,63.9576,31.2585,0.5455,216.9835,-0.6107,746.9797,459.8501,133.6753,176.7058,-40.4896,1.6803,51.0104,2.1,0.1749,1810.3138,-0.319,360.437,6320.893,36.9304
87.72,12.0756,11.8998,129.0418,59.1078,267.5132,10.7175,35.0445,0.414,89,411.4887,66.7138,31.284,0.5246,205.437,-0.4728,693.3148,449.7746,133.936,152.3418,-40.3829,1.4614,49.5422,3.52,0.175,2236.9414,-0.3881,363.3976,6391.7368,36.5278
87.12,12.3074,13.4865,127.7567,65.8541,275.5647,10.8803,37.1281,0.4356,88.5,412.1067,63.3591,30.8405,0.5453,201.4968,-1.2165,669.4615,454.7072,134.1902,168.6173,-40.4721,1.5474,50.0137,5.553333333,0.1762,2041.3053,-0.3381,362.2351,6353.102,36.5288
86.42,12.1706,12.9144,126.9838,54.1512,272.5717,10.764,36.7492,0.3293,88,411.9557,64.2501,30.3638,0.5354,214.5532,0.7514,588.6595,452.615,146.3534,175.3671,-40.5373,1.6412,51.9559,2.52,0.1721,1993.6598,-0.3679,362.4449,6341.0332,36.0995
86.92,12.4588,12.8296,125.9504,53.8125,268.7912,7.308,36.8798,0.3525,88.7,409.9944,74.0987,37.9711,0.5355,212.1117,-1.2629,826.3085,459.3257,59.5542,179.9452,-40.562,1.6194,53.8622,2.66,0.1727,3375.4712,-0.3152,358.668,6355.1421,35.6839
88.82,16.535,13.483,127.9287,67.8058,277.9106,10.6245,36.7897,0.4593,90.6,412.932,103.7719,31.0312,0.5393,211.887,-0.6478,712.5972,453.6483,130.6563,175.9839,-40.4549,1.6376,46.357,2.87,0.176,2187.6414,-0.3456,363.6376,6724.2106,35.3505
89.32,12.4266,12.3825,127.995,69.4501,281.2027,10.6647,37.162,0.2898,90.8,410.9727,78.1076,30.5996,0.5356,210.748,0.0657,684.2711,456.604,132.4063,167.1731,-40.9844,1.7717,44.5169,2.86,0.1769,2238.6459,-0.2118,360.9808,6785.4186,34.7923
87.9,11.0977,16.7344,128.0047,24.0962,269.6779,12.4294,37.1446,0.379,89.3,412.9101,66.6568,22.5697,0.5398,195.5437,-1.2677,490.6509,422.4448,87.8457,190.4867,-40.4374,0.9671,73,3.13,0.1782,1779.8986,-0.4006,364.0378,5041.4311,26.7747
87,10.9597,14.4269,127.9354,59.9183,275.3892,12.0731,36.3029,0.2977,88.3,413.0216,63.5194,25.2569,0.5389,195.8796,-0.721,559.4803,437.46,87.8445,197.9038,-40.5015,0.6202,73,2.76,0.1795,1860.3745,-0.3923,364.2689,5162.7118,23.5565
87,12.5707,16.8909,127.9854,39.9975,286.7292,11.8746,37.0849,0.2845,88.4,412.9766,77.6931,24.8942,0.5455,205.6821,-1.2759,939.3095,432.8499,86.6836,218.1145,-40.4975,1.0848,73,2.52,0.182,2333.528,-0.489,365.9744,5200.9614,22.0537
86.9,9.9522,13.3903,126.9516,68.9909,272.6007,11.3913,36.6247,0.244,88.7,412.9538,60.9373,29.836,0.5418,210.4638,-1.2673,653.9009,450.5298,87.4027,196.5263,-40.4139,1.6496,73,2.53,0.1792,2079.4228,-0.3272,366.0343,5274.3382,21.4306
88.62,12.1491,12.2648,128.5749,37.8497,275.1007,11.8057,35.882,0.2612,90.1,413.0642,78.0989,27.9346,0.5478,200.8398,-1.0163,716.7338,448.8701,130.0072,197.8256,-40.4155,1.4891,48.8412,2.4,0.1807,1934.2686,-0.376,366.4373,6085.3911,18.6524
88.72,10.3807,11.9728,128.4416,52.3965,286.6865,12.5162,37.5878,0.2825,90.1,412.9805,54.2959,27.0532,0.5531,194.6817,-1.2732,725.5136,452.1401,130.4305,203.2238,-40.5769,1.5421,51.1199,2.03,0.1822,1632.1622,-0.3215,365.471,6253.7843,18.1118
88.22,12.5684,12.2394,128.2373,84.1572,285.6792,12.5512,37.6203,0.4153,89.9,411.9224,78.3105,28.3103,0.5439,193.9084,-1.2664,630.8194,448.4902,127.0595,210.5976,-40.4074,1.5147,51.8315,2.02,0.1819,1712.2275,-0.3502,365.2051,6209.4436,17.0658
87.92,12.7939,12.6064,128.5757,51.377,282.6068,12.6549,37.0864,0.3052,89.1,411.9423,81.8017,26.9449,0.5434,192.5208,-1.2733,576.4619,448.8515,127.8874,202.6156,-40.3752,1.5544,46.7028,2.61,0.1822,1749.7563,-0.3163,364.9656,6223.526,15.7985
87.02,12.0998,12.8082,128.5823,64.8786,277.6832,12.137,37.0746,0.2612,88,411.9741,73.5373,26.6768,0.555,193.3557,-1.2742,704.501,454.6362,127.864,194.4696,-40.6439,1.5497,46.9218,1.96,0.1877,1904.9267,-0.2543,364.8305,6226.3645,14.6779
87.12,12.7647,12.8676,128.4865,33.9949,275.5189,12.0901,37.1291,0.3556,88.7,412.0391,78.5592,26.4717,0.5455,193.9399,-1.2785,704.2689,451.2072,129.2369,198.0813,-40.677,1.5646,48.5239,2.41,0.1893,1772.8075,-0.2857,365.3843,6246.7784,13.6612
87.72,15.4267,12.2306,126.7428,81.8488,284.6047,12.1882,36.6128,0.3424,89.3,412.0151,106.5204,28.8812,0.5465,191.0364,-1.2753,605.1618,454.6717,128.1171,191.0263,-40.6724,1.3314,55.1585,2.11,0.1855,1651.4147,-0.2395,363.9399,6389.4313,8.9557
85.82,12.6284,11.9431,126.765,71.2052,281.5904,12.1905,36.0078,0.2369,87.6,407.4618,93.6335,26.548,0.5448,193.9381,-1.2773,537.8288,440.6328,131.9042,206.1894,-40.6027,1.5329,52.3614,1.8,0.1838,1626.0091,-0.4075,361.9604,6398.0067,5.8869
85.72,13.8932,12.4106,127.2006,42.1541,271.888,11.7059,35.9498,0.2414,86.9,410.4184,104.5597,22.4521,0.5402,195.1273,-1.2694,619.6558,446.8034,142.0298,189.8395,-40.6174,1.5078,50.0544,2.12,0.1848,1764.1259,-0.331,364.1792,6303.5283,4.6089
85.72,10.2823,12.3009,126.2641,28.5321,266.9551,8.3891,35.6926,0.2122,87.2,408.3578,71.1197,29.867,0.5471,198.3203,-1.272,760.9293,448.406,55.6873,200.4885,-40.4123,1.5483,51.4535,1.84,0.1872,2771.2359,-0.3279,362.2575,6249.0524,2.2578
89.62,6.4792,11.7619,129.7102,27.7557,285.58,12.1139,36.984,0.3519,90.6,407.7742,33.0504,23.7271,0.5445,194.8102,-0.5764,773.533,450.2106,127.996,193.5438,-40.568,1.5711,48.3261,2.02,0.182,2197.1063,-0.3194,358.5506,6267.6362,-0.0028
88.82,10.4365,11.5506,129.1788,26.8649,284.0217,11.8486,35.1706,0.3337,90,412.5616,75.5468,24.2441,0.5558,204.4961,-0.6763,734.9411,453.5945,127.5694,200.122,-40.456,1.4844,48.7068,2.11,0.1812,1978.5432,-0.2608,363.8639,6371.5888,0.7067
89.32,11.3135,11.3049,129.245,72.2685,281.9475,12.0877,35.2161,0.4282,90.5,407.6298,84.0366,24.3482,0.5414,214.3923,-1.2669,747.5146,441.8546,124.271,197.8863,-40.5954,1.5742,48.8555,2.27,0.1876,2179.3645,-0.3485,362.3954,6341.6143,0.0136
89.52,10.3403,10.7826,128.6981,42.9527,284.446,11.8509,35.5185,0.2263,90.5,403.246,71.6761,22.7116,0.5381,197.9818,-1.2722,713.8091,439.6101,135.7704,192.432,-40.5924,1.4699,53.7297,2.02,0.1838,2069.663,-0.3285,356.9704,6354.4076,0.0004
88.52,8.8159,11.0871,128.9812,47.6914,283.3318,12.3463,36.3791,0.2383,90.1,412.8811,53.6023,22.4658,0.5391,202.4539,-1.2749,833.998,448.4977,135.4876,205.796,-40.4267,1.5805,52.4148,2.39,0.1865,2040.2874,-0.3138,366.7485,6496.8601,-0.0023
89.32,10.6663,11.3616,129.2162,77.3599,281.3431,11.8527,35.0022,0.4443,90.4,410.772,78.1994,24.3336,0.5468,227.282,-1.2648,796.8734,446.9568,124.9712,202.9163,-40.5332,1.491,47.8021,2.39,0.1834,2220.0333,-0.3105,364.5377,6348.1227,37.2409
90.22,9.5574,11.5479,129.2963,54.2215,282.3016,12.2142,33.2548,0.3781,91.6,414.3646,67.8347,23.8187,0.5405,225.0801,-1.2614,802.7129,451.1717,126.7117,199.6335,-40.5455,1.3143,48.3372,1.85,0.1804,2228.8012,-0.3238,367.8185,6496.3326,36.5572
90.2,12.5311,11.4987,128.2852,66.7596,288.1929,12.1762,33.8433,0.2156,91.5,411.3582,98.8527,23.6936,0.5629,214.0883,-1.2716,980.0485,451.6663,123.7186,203.0972,-40.5258,1.3712,47.2412,1.87,0.1838,2483.037,-0.2886,363.6813,5766.1767,36.4649
90.2,10.4533,11.7879,128.7166,60.2075,280.8013,11.9415,33.5845,0.2951,91.5,408.8634,82.1387,23.8884,0.5413,208.1307,-1.2716,829.6919,444.7526,125.151,191.8593,-40.58,1.5809,47.5836,1.94,0.1818,2379.3855,-0.3546,363.4584,5568.5071,35.9971
90.2,7.4349,11.6198,128.9195,38.2091,282.6877,11.9944,33.9525,0.4078,91.3,410.5384,55.0005,23.5031,0.5348,217.0745,-0.5929,870.2146,447.2854,124.1389,182.7905,-40.559,1.598,48.5812,1.98,0.1861,2385.5555,-0.3397,365.2437,5560.656,35.5534
90.3,10.1693,11.7042,129.1269,82.7553,286.4026,11.8235,34.2289,0.5381,91.5,405.8101,80.7324,23.4409,0.547,220.2625,-1.265,799.0014,437.9078,122.4086,202.6174,-40.5471,1.5236,47.6425,1.78,0.1844,1916.6618,-0.4173,362.4427,2856.1748,34.688
90.1,11.4943,11.6575,127.6379,32.9084,271.1981,11.114,33.4405,0.4317,91.3,405.8209,95.3711,23.6871,0.5494,195.7821,-1.1883,703.6161,439.2443,125.5635,179.9167,-40.5895,1.5622,48.1439,1.74,0.19,2176.1403,-0.3595,360.7985,5669.7012,33.9685
89.9,10.4068,11.7269,127.79,54.5569,275.9201,12.0754,33.2276,0.2322,91.1,411.1107,83.9817,23.6217,0.547,212.5422,-1.2608,836.3314,442.5778,125.0852,199.9167,-40.4509,1.5639,47.8982,1.92,0.1824,2314.1026,-0.4001,367.4846,5696.1959,33.1076
89.7,10.011,11.7895,129.3834,29.3797,272.5489,11.7154,34.2027,0.2629,91,411.9039,80.0156,23.2415,0.5387,202.2696,-1.2563,814.9999,446.6192,124.5887,203.8287,-40.7546,1.6003,45.9809,1.73,0.1832,2556.0351,-0.3474,366.9869,5702.4041,30.2342
89.92,7.132,13.9614,129.3423,52.4456,284.4902,12.0589,36.3103,0.1921,91.7,414.1153,47.5356,22.8202,0.5471,201.9365,-1.269,858.0245,450.2016,124.4748,210.0127,-40.5847,1.5173,45.9233,1.97,0.1839,2295.9779,-0.3668,368.8768,6329.8894,28.9211
90.42,7.8463,11.1218,128.0125,51.5434,271.6392,11.2905,35.2092,0.4835,91.6,409.7218,79.0007,23.6358,0.552,196.16,-0.9019,645.2252,438.9572,120.5633,205.1193,-40.6982,1.3154,46.9717,2.19,0.1865,2078.565,-0.4246,365.954,6125.3206,25.669
90.12,8.5776,11.1814,129.1197,57.8539,272.355,11.3307,33.8272,0.2383,91.4,409.8501,87.1425,22.7797,0.5334,199.6866,-0.9366,596.0696,433.1019,124.3691,215.9522,-40.5509,1.3661,45.4631,2.26,0.1821,2216.3106,-0.4829,367.5802,6016.4323,24.7983
90.12,8.9691,11.9043,129.8977,48.6103,282.0879,10.9627,35.6239,0.235,91.2,410.2612,86.791,22.5211,0.548,207.7299,-1.2669,744.7754,444.1296,128.0322,211.9426,-40.8345,1.5724,48.9935,2.35,0.1861,2205.7071,-0.3501,363.6769,6131.976,19.9578
89.82,6.9648,11.148,129.4774,70.0266,287.6557,11.2389,34.5812,0.3072,91.2,411.8961,67.6983,23.0736,0.541,207.0844,-1.2034,846.6257,452.0761,123.7175,216.0226,-40.5795,1.2813,49.4583,1.87,0.1817,2374.4985,-0.2516,365.174,6134.1901,18.474
89.72,7.5896,11.0586,128.6333,60.2304,290.3709,11.4581,34.7589,0.3595,91,411.755,77.7375,21.8798,0.5343,209.4992,-0.8183,948.7491,453.1522,133.6599,214.4784,-40.4707,1.5642,59.8954,1.98,0.1838,2229.0682,-0.2052,365.5423,6045.8259,15.5535
89.52,8.0337,12.0385,128.723,80.2208,286.6484,11.7627,35.8329,0.3721,91.2,414.6598,86.137,22.2647,0.5389,203.9371,-0.94,784.2109,454.3449,124.972,219.495,-40.6935,1.4189,49.9413,1.65,0.1826,2115.87,-0.2311,368.4267,6016.5593,13.5891
88.92,8.1414,11.2539,128.878,25.9309,274.5711,11.219,37.1495,0.3084,90.6,409.3902,88.0132,20.9385,0.5477,191.2984,-1.0435,801.4051,441.9087,123.8654,208.3622,-40.7114,1.2474,46.2824,1.73,0.1826,2455.0138,-0.2952,365.0259,6165.1399,10.1397
89.92,8.6598,10.8806,128.0122,51.7492,276.2256,11.8831,34.5007,0.2705,91.2,413.4022,99.1729,20.6165,0.5452,189.0025,7.8061,808.0005,445.0349,123.4669,212.4209,-40.5637,1.5731,47.1603,1.88,0.178,2492.7943,-0.3777,367.8867,6073.2391,8.5323
89.2,10.2169,11.0523,128.644,43.7964,282.297,11.2707,36.5471,0.1921,90.5,407.5199,86.2694,20.9047,0.538,191.8185,-0.9789,823.6486,438.8596,122.1686,212.2725,-40.4681,1.5252,48.4883,1.69,0.1801,2438.0117,-0.4056,363.0666,5919.5293,6.9387
89.2,9.193,11.2423,129.0858,84.1073,273.6355,11.0821,35.2156,0.5697,90.4,407.6097,79.498,20.2772,0.563,193.0966,-0.5445,726.6611,435.4852,123.3001,208.7037,-40.5937,1.4813,46.3626,2.15,0.1813,2371.9023,-0.4269,363.9676,5981.4821,6.0459
89.5,10.3072,11.0598,125.0556,59.2494,287.5977,12.2087,34.9242,0.4869,90.9,410.3088,93.1662,16.049,0.542,183.0327,0.2259,889.639,441.8827,141.5522,213.0684,-40.5669,1.4535,51.4553,1.6,0.1839,2065.503,-0.3311,366.4828,5852.1666,-0.006
89.3,11.7974,11.3494,124.5925,65.1536,291.2041,11.8622,36.1807,0.1975,90.5,413.4294,99.3921,18.5094,0.5338,196.7446,-0.3714,1119.2342,459.6356,127.4106,207.214,-40.4392,1.3625,48.9385,2.22,0.1892,2063.6736,-0.165,365.8347,5951.7468,0.1276
89.72,10.8568,11.5338,124.3958,71.6952,287.194,11.675,36.6886,0.3861,91.3,407.0233,95.731,18.4101,0.5441,199.5151,-0.3209,1030.6815,442.7074,127.9732,205.4329,-40.517,1.411,51.0314,1.6,0.1817,2086.6447,-0.3058,362.366,6011.3096,114
89.7,6.4212,11.5789,124.7055,51.5757,284.2651,11.5794,35.1004,0.3244,91,414.2243,57.1207,15.6796,0.5416,183.0036,0.9406,826.2457,455.7837,143.9831,202.4574,-40.5059,1.5118,51.4885,3.39,0.1847,1934.8904,-0.164,368.4295,5693.6715,-0.009
89.76,8.4417,11.4367,117.5679,69.6329,288.5943,10.4729,35.061,0.4199,91,411.3292,74.6984,18.8438,0.5448,189.7792,1.2266,963.0054,447.4284,121.4996,214.6534,-40.6005,1.5081,50.6069,2.47,0.1831,1582.3098,-0.326,366.5428,39,0.0008
89.89,12.2857,11.7094,124.9073,49.6691,284.1995,11.1683,35.3225,0.3789,91.1,406.9193,111.1609,18.1277,0.5395,212.7118,-0.0366,756.7501,438.5982,125.9217,215.9454,-40.5607,1.5444,50.7389,1.55,0.1813,1792.1808,-0.3963,363.3902,4823.5524,35.5194
89.39,8.7056,10.9537,123.9514,31.5627,281.1302,11.2445,32.7139,0.4544,90.6,412.6788,84.6179,15.4973,0.5381,192.0511,3.5039,609.2896,443.6733,140.9598,220.1246,-40.7558,1.3971,51.4375,2.38,0.1844,1797.418,-0.332,367.9219,4897.0868,34.5954
89.69,10.0333,11.344,125.4436,25.9262,301.4087,11.3157,36.1479,0.307,90.8,410.7376,106.1931,16.0766,0.5368,203.2089,0.0403,810.02,449.331,134.5597,229.6332,-40.5384,1.3302,49.2171,1.71,0.1822,1855.9565,-0.2488,365.9741,4832.2169,32.5318
90.3,8.7776,11.1585,124.9361,78.1309,293.9232,11.7121,37.1994,0.205,91.4,412.0535,100.3358,15.8298,0.531,180.412,-0.1571,681.428,449.2145,135.4498,207.7097,-40.5326,1.2296,49.9087,2.41,0.181,1830.8818,-0.3479,365.9887,5046.1281,27.4862
89,7.4011,11.0987,125.3503,62.1034,288.0891,11.2763,37.0728,0.2199,90.6,408.5483,83.7698,18.1296,0.5534,203.7689,-0.2257,725.4642,433.5232,125.8748,221.4198,-40.5555,1.3863,51.9302,2.65,0.1852,1843.1464,-0.293,364.6249,5473.3038,22.9874
89.2,5.7815,10.9657,122.6122,58.0418,280.1458,10.7785,35.1769,0.4143,90.3,405.785,71.2383,17.9816,0.5351,187.0002,0.0814,585.507,422.6818,127.3129,224.169,-40.5789,1.439,51.9587,1.84,0.1775,1836.2874,-0.3447,364.0389,5723.3639,20.2446
89.6,10.6161,10.8118,124.9376,52.3809,289.5154,11.2038,36.5406,0.3729,90.8,411.5715,134.9324,14.716,0.5337,186.3646,-0.2373,711.4613,438.0532,143.8242,222.5676,-40.5645,1.3259,51.8827,2.36,0.1831,1805.3815,-0.2623,367.2144,5806.7674,18.3979
88.9,10.8221,11.1043,125.3663,24.122,290.3182,11.26,35.6162,0.4168,90.1,410.8444,140.3268,15.5456,0.535,194.88,3.6716,751.1272,434.6956,138.1352,231.3296,-40.4802,1.4226,51.7352,3.02,0.1798,1879.5446,-0.2869,367.0288,5759.276,11.483
88.9,7.9637,10.8722,124.8623,75.9244,292.4298,11.397,35.2308,0.1966,90.2,408.6165,105.6452,15.5793,0.5343,187.6776,-0.0927,780.8955,435.9747,144.0455,225.0483,-40.5624,1.3886,59.5068,2.17,0.1811,1886.198,-0.2919,365.1703,5864.329,9.5495
89,6.342,11.0406,125.3572,43.1225,281.6888,11.1962,35.9236,0.3689,90.1,409.2868,109.8263,15.7439,0.5386,189.4957,0.1458,716.8806,430.5016,143.8023,227.404,-40.6172,1.4396,61.7423,2.67,0.1835,1961.5625,-0.3038,366.5745,5836.403,6.9251
89,7.5299,11.0547,125.3132,62.0091,284.259,11.4601,35.1006,0.449,90.1,408.84,137.9888,14.6932,0.5379,193.4729,1.7554,683.4688,431.0071,142.0301,224.2132,-40.609,1.4253,56.3056,2.21,0.1786,1953.5082,-0.3002,365.6063,5886.3105,5.9572
88.5,7.2439,10.853,126.2659,30.0525,277.4756,10.9804,34.7534,0.4823,89.6,410.4158,138.0792,16.6678,0.5399,186.8571,1.4121,816.2434,431.0485,128.0459,225.7381,-40.5252,1.4762,55.2897,2.32,0.1785,2206.6397,-0.32,368.0523,5712.9216,3.9157
88.7,7.17,11.1348,126.1625,52.2563,276.9895,10.9261,35.1651,0.5525,89.6,407.4636,142.2889,14.0142,0.5347,190.1768,3.9021,780.3499,429.1444,138.1916,222.9358,-40.5177,1.3376,50.7076,2.08,0.1874,2491.4374,-0.3066,365.067,5811.7715,3.0944
88.3,6.7679,11.0575,126.0056,39.4939,274.0636,11.6005,35.802,0.4595,89.7,408.6906,136.9673,12.1344,0.5499,190.4553,0.3746,789.3278,428.6584,141.7253,227.34,-40.5559,1.4299,49.8122,3.09,0.1831,2286.0777,-0.3119,366.3277,5738.6769,1.8868
87.8,6.8017,10.9151,123.3313,43.0392,282.1192,11.2317,36.6921,0.1855,89.4,403.8493,142.9024,14.375,0.5427,197.3338,0.7608,1010.4855,422.5563,126.2368,229.417,-40.4486,1.3834,48.5206,1.98,0.1799,2639.4208,-0.3474,362.3359,5634.0697,0.5325
87.59,6.176,11.6591,124.7033,65.4204,271.2096,11.0745,34.6537,0.4421,89.1,408.7446,134.958,12.5577,0.5355,193.2463,1.1997,823.2398,421.5808,139.7193,221.4705,-40.5516,1.419,49.3249,2.47,0.1835,2494.9084,-0.3636,367.5473,4574.8585,-0.0182
88.09,5.8075,12.022,124.659,52.7806,263.1876,11.2819,34.4525,0.4509,89.4,408.3889,133.7167,13.4624,0.5575,186.3764,6.7391,786.2083,414.9582,135.9969,225.3603,-40.9404,1.4103,50.5188,2.53,0.1933,2291.215,-0.4087,369.3962,4535.729,-0.016
87.89,5.9671,11.3884,125.1392,75.8629,282.2695,11.4019,36.0586,0.5237,89.2,406.8377,136.7685,13.9257,0.5323,189.492,0.7711,1061.524,423.5701,129.0106,240.7323,-40.5575,1.4365,49.0392,2.14,0.1881,2253.4624,-0.3516,366.3294,4618.1022,-0.014
87.39,5.9681,10.5578,125.492,43.2532,271.0897,10.9769,35.5883,0.5836,89.2,406.0222,142.6405,14.2477,0.5357,188.8745,0.2673,917.6108,417.1814,129.1784,234.7809,-40.6719,1.3263,49.1982,2.33,0.1821,2400.3337,-0.3827,365.7689,4537.5956,-0.0112
87.09,3.3764,10.7529,126.0514,66.3026,268.6706,11.6407,34.0233,0.5821,88.6,411.6102,126.8073,12.8218,0.5334,192.3646,0.4514,847.7004,433.011,138.0579,232.9903,-40.6268,1.446,51.2381,2.54,0.1965,2342.1308,-0.2708,369.6785,4449.7943,-0.0168
87.59,3.2631,11.1045,124.4036,59.3872,283.9011,10.8897,36.9179,0.4145,89.1,405.8781,123.1478,15.1082,0.5383,193.9735,0.0212,1120.4792,430.833,119.6388,238.5868,-40.5035,1.3748,49.4619,2.33,0.1838,2293.3499,-0.2618,364.3599,4605.1186,36.2956
87.59,3.0781,10.9546,125.1572,35.574,282.8449,11.049,36.7471,0.3643,89.3,409.1703,123.7819,13.195,0.5369,192.8148,-0.0883,1009.4133,432.659,133.1061,242.9347,-40.5217,1.3359,48.9323,1.65,0.1866,2267.4187,-0.2619,367.4083,4605.3506,35.667
87.59,2.5402,10.8611,125.7387,59.8436,281.6094,10.9642,34.6041,0.4978,88.4,411.0377,114.6168,12.1904,0.5409,189.3852,0.3441,855.4595,435.9615,141.9298,235.0609,-40.5351,1.2938,55.1345,2.15,0.1884,2049.949,-0.2461,368.8347,4614.7578,34.8005
87.09,2.1641,11.015,124.7461,83.7515,274.8558,10.8611,37.0113,0.3407,88.5,406.5943,88.8611,14.5528,0.5389,191.5574,0.0076,745.2431,426.3827,127.5329,235.4599,-40.5425,1.388,55.2305,2.48,0.1834,1989.3832,-0.2974,366.0511,4479.2029,34.2013
86.6,2.1957,10.5376,125.9195,41.8353,275.2549,11.8388,33.5014,0.6202,87.6,412.4729,96.2744,12.8605,0.5325,204.5459,0.9248,832.3937,439.679,144.1387,230.7687,-40.5673,1.2113,55.7299,2.21,0.1847,2039.6824,-0.2479,369.4906,5353.6042,33.092
85.1,1.8598,10.8404,118.8515,54.1383,271.3263,7.8207,34.6836,0.4135,85.3,407.2213,87.2064,16.2623,0.5424,205.3305,0.4737,737.8342,440.9247,62.0154,232.4528,-40.4824,1.1734,59.1659,2.45,0.1913,2482.2622,-0.222,363.0939,5252.5437,30.706
87.19,0.8434,10.8983,123.5155,29.4739,264.7676,10.2503,33.7379,0.5729,88.7,410.5686,32.9031,13.2294,0.5469,189.6187,0.3085,721.4271,423.2303,135.3746,226.942,-40.6649,1.225,56.405,2.49,0.1919,1948.3426,-0.3264,370.8239,4215.4241,29.2743
87.09,0.8539,10.9374,126.7083,66.2517,275.4411,11.0229,35.0107,0.5138,88.6,409.4144,30.4556,12.0803,0.5448,192.3344,0.9881,797.7049,427.4543,142.3367,235.8766,-40.4882,1.3696,55.9105,2.41,0.1818,2055.2371,-0.3069,368.7214,4359.4013,26.8017
87.49,0.8203,11.2856,125.0347,75.1866,269.8001,10.6627,37.6418,0.2587,88.7,404.1966,27.4484,12.184,0.5519,190.2071,-0.0067,743.8603,415.4238,142.3229,235.9228,-40.4301,1.2485,57.1269,2.45,0.1833,1962.3401,-0.3444,365.2785,4836.3294,24.2023
87.5,0.8304,11.2419,125.7055,43.4647,263.3662,10.7523,36.3726,0.5736,89,407.6581,30.5124,12.4109,0.5335,190.7082,0.2021,800.93,419.6385,143.4655,225.9107,-40.5272,1.2306,59.0041,2.51,0.1826,2052.5883,-0.3218,367.9012,5023.1895,22.3277
87.19,0.7607,10.9356,126.185,81.5553,262.2314,9.9798,36.6979,0.4814,88.4,404.1335,27.4872,11.299,0.5356,196.1404,-0.0903,743.425,413.4213,142.4339,228.8747,-40.4412,1.4626,51.4286,2.65,0.1833,2065.8924,-0.3358,364.8404,4966.7886,19.1096
87.3,4.1136,13.5064,125.7597,42.9317,276.9734,10.8077,33.8673,0.3649,88.7,409.8865,86.5067,11.0965,0.541,198.8758,-0.0704,866.8359,419.2573,137.9757,206.9352,-40.4759,1.1647,50.5343,1.88,0.189,2106.219,-0.3619,369.7167,5044.6436,17.7943
86.4,4.2648,13.2694,126.6314,46.7891,265.1374,9.8748,36.3134,0.4121,88.2,406.7428,93.3413,12.2035,0.5338,199.7819,0.743,774.1324,405.808,130.9765,203.8599,-40.4892,1.1479,51.9144,2.73,0.1834,2095.9377,-0.4224,367.8823,5151.3945,13.1901
87.1,4.2063,13.3997,126.4566,23.368,267.2779,10.9131,35.0711,0.3908,88.2,409.5043,94.1615,11.1935,0.5382,201.8278,0.5474,862.1163,408.5128,133.1206,207.293,-40.4756,1.0722,49.8288,2.73,0.1851,2273.834,-0.4217,370.6319,5090.6406,11.764
85.99,4.1247,14.2288,124.7578,64.7006,251.2622,8.807,32.1272,0.5586,87.8,406.1923,91.2263,12.211,0.5353,195.7048,4.0243,891.1619,404.159,124.5338,195.5592,-40.6059,1.2077,52.6752,2.24,0.1959,2591.5007,-0.4178,367.3822,4901.5314,7.2822
86.58,4.4422,14.0817,121.6944,44.0499,266.0035,7.4038,36.6826,0.4418,87.9,410.0344,93.4625,13.6514,0.5376,199.8587,0.0395,848.9397,425.2909,63.6633,217.125,-40.4652,0.8321,58.9142,2.53,0.1895,2369.7445,-0.3136,368.1232,2664.8405,5.4646
85.68,4.4105,14.3274,123.8289,47.6566,268.9248,6.3657,36.0226,0.5965,87.5,410.4649,94.0448,14.2011,0.5321,196.9458,0.251,968.2558,431.4955,54.8217,214.5973,-40.5123,1.0994,54.8457,2.4,0.189,2516.8633,-0.2853,367.3532,2653.675,3.8866
87.18,4.2348,14.4127,123.4078,30.0327,270.5632,5.4869,33.831,0.3918,88.6,410.8317,88.0108,8.3657,0.5397,198.5649,-0.3208,727.875,439.9155,58.2604,192.2076,-40.4714,1.2339,55.6428,1.55,0.1968,2051.4555,-0.1716,366.3854,2684.9831,-0.0139
87.68,4.237,14.6473,125.2527,56.891,281.1867,9.1395,34.3804,0.4334,89.1,410.1244,95.5929,11.6663,0.5364,201.2943,1.2266,972.4413,437.3859,51.9636,205.5314,-40.5428,1.0214,55.4179,1.89,0.1965,2067.4915,-0.4284,356.8764,2764.6936,-0.0183
88.48,4.1596,14.5032,128.7543,69.0449,266.4133,12.5062,32.4072,0.6252,89.8,405.614,96.7576,9.6177,0.5405,190.3456,4.1439,750.3917,438.9057,136.3714,186.9577,-40.9879,1.1002,57.6582,2.52,0.2048,1531.8232,-0.3713,354.4354,2658.9295,41.561
88.98,3.6137,13.9068,128.8762,84.5911,284.5383,12.9403,34.1666,0.2393,90.4,407.4808,83.328,11.0786,0.548,185.3027,4.0153,1102.717,453.9243,118.2899,211.1335,-40.4511,1.2045,55.0751,1.9,0.1956,1597.9648,-0.2914,355.4372,2788.4502,39.2183
88.08,3.4453,14.7324,127.2972,52.6468,265.3457,11.5249,33.7256,0.403,89.2,406.6629,80.1031,9.7716,0.5372,178.3921,0.1592,822.2875,441.8549,135.1119,200.0578,-40.6137,1.2176,58.8357,1.9,0.204,1587.8785,-0.3345,354.9833,2506.123,37.0475
88.18,0.5676,14.7125,128.4548,54.7901,283.1983,11.8187,31.5036,0.4018,89.4,407.3171,18.6303,11.1573,0.537,181.4237,-0.3553,867.9108,448.4895,118.7103,214.5716,-40.5416,1.262,52.2586,2.82,0.1986,1438.9853,-0.3285,355.2577,2617.9081,35.7435
88.38,4.1172,15.2879,129.9841,58.5835,293.3974,12.5867,34.6373,0.526,89.4,407.3435,102.4861,9.3005,0.5386,206.5666,-0.4,1055.8955,456.4092,134.5061,216.0914,-40.5372,1.2288,53.0691,1.9,0.2094,1492.7147,-0.2613,353.4092,2539.7225,33.4186
88.89,6.7343,14.4742,130.2647,43.5687,307.0276,10.2282,34.3219,0.2511,90.2,416.4302,82.6015,4.0781,0.5368,205.9806,-1.2626,1067.2944,463.5342,137.9259,206.0941,19.6353,1.1477,57.131,3.97,5,1821.1228,-0.193,361.5691,4816.9608,0.029
88.79,6.2829,14.6396,126.3053,55.4995,277.0253,8.5681,33.4174,0.3833,90,404.3423,81.6619,4.7016,0.5294,178.1267,-1.2408,711.1335,435.3839,125.9436,190.4101,19.677,1.1881,57.5705,3.61,5,1751.0913,-0.2706,354.6712,4842.3269,-0.0037
88.66,6.1656,15.1609,132.2957,63.9343,296.7788,10.1799,33.1535,0.2567,89.8,410.358,80.8779,3.4206,0.538,179.9446,-1.272,1160.7179,445.2697,131.918,208.1172,19.6567,1.0798,56.5336,4.91,5,1582.0841,-0.2641,359.6696,39,-0.0025
87.79,5.1564,14.5919,130.5633,68.4305,293.2101,9.9444,33.981,0.2755,88.8,409.2582,79.4309,3.3858,0.5385,183.0159,-1.2697,976.5393,443.3037,136.6988,206.7615,19.6136,1.0694,55.1108,2.84,-0.105,1787.9668,-0.263,358.925,4223.7043,-0.0058
88.29,2.9114,14.3676,130.3249,55.7892,295.3236,10.3838,33.8221,0.3048,89.3,413.4087,54.9022,3.2203,0.5423,179.729,-1.2712,970.7333,448.5326,137.4543,208.0231,19.6378,0.9445,54.0505,3.44,4.6895,1678.679,-0.2258,362.8398,4323.3975,-0.0073
88.19,2.7408,14.2176,130.4254,27.7223,294.6501,10.386,34.6967,0.2475,89.7,410.1763,51.7578,3.3362,0.538,181.7063,-1.2633,1101.3534,448.3091,139.1456,187.6867,19.6165,1.1084,58.8029,4.44,5,1747.3158,-0.2122,360.2845,4448.1521,38.6463
88.99,2.2736,14.5401,130.9693,81.4144,299.188,10.1016,36.6304,0.2545,89.6,410.9739,42.9403,3.0474,0.5362,182.9921,-1.2638,974.4892,452.1253,136.7962,185.2202,19.6405,1.021,55.8711,3.45,5,1698.7796,-0.1685,358.8587,4448.6187,38.0061
88.49,2.8091,12.8832,130.0625,55.4631,297.5061,10.2025,35.7532,0.26,89.5,414.1789,69.111,2.8574,0.5464,182.3669,-1.2636,920.6359,456.8725,138.7622,188.8603,19.6664,1.0859,55.1533,3.58,5,1551.1833,-0.1921,361.7849,4413.5165,37.0333
87.89,2.6609,12.8373,129.9266,53.6034,288.254,9.8315,36.547,0.2675,89,411.4327,69.1771,2.9031,0.5505,180.5221,-1.2642,1000.4926,449.7489,127.1443,201.574,19.6702,1.0555,51.6927,3.2,5,1770.4186,-0.2051,361.6722,4311.0072,37.2756
87.72,2.4986,12.8354,129.0107,67.6107,286.0676,10.0812,34.6098,0.2687,88.7,411.8152,67.4562,3.1175,0.5458,180.3852,-1.2609,895.7462,451.6688,123.1994,180.4623,19.6585,0.9189,50.3509,3.15,5,1773.8455,-0.2188,359.6524,6116.1614,36.9051
88.16,1.1918,13.0297,127.8002,32.1193,288.9099,9.745,34.9342,0.2607,89.1,414.6068,50.8848,3.011,0.541,180.3409,-1.2381,1188.9525,455.4911,113.8926,185.176,19.6506,0.9812,46.3909,3.73,5,1385.828,-0.208,361.6565,39,35.4674
88.08,1.1217,12.8105,129.8651,34.347,295.7987,10.4187,35.0578,0.2745,89,414.5202,59.7403,2.6512,0.5432,180.1989,2.1299,817.0473,453.8356,119.2832,191.2532,19.643,1.0376,45.6566,3.73,5,1398.5769,-0.2359,361.9626,3801.7944,34.5912
88.08,1.1348,12.2809,128.7373,43.359,289.1735,10.3416,33.5233,0.2592,89.8,414.9935,74.5922,2.0863,0.5372,184.7409,-1.2296,798.2776,449.9333,130.9675,190.1464,19.6511,1.0719,46.096,3.58,5,1412.6575,-0.2454,363.6191,3659.5524,33.5797
88.19,0.7418,12.6343,124.683,72.2321,280.6328,9.9729,33.0911,0.2666,89.4,410.1679,61.5961,2.5335,0.5442,182.9698,-1.165,652.0492,436.3781,115.0602,194.7363,19.6789,1.07,47.6389,4.33,5,1292.8891,-0.3002,362.1766,4678.7228,32.088
88.86,0.6556,12.4947,125.5163,26.2168,294.5974,10.066,34.3158,0.284,89.9,411.8788,52.333,2.3627,0.5363,180.6841,-1.2446,1092.0331,444.3796,131.7148,189.3635,19.661,1.0139,56.837,4.33,5,1026.6918,-0.2571,362.3732,39,30.9597
88.96,0.6371,12.1967,124.9575,32.5935,289.5833,9.9254,33.2335,0.2806,90.1,412.3359,53.4377,2.2465,0.529,181.6477,-1.2658,1042.3561,441.5444,131.6802,207.5295,19.6782,1.0422,55.7235,5.07,5,1047.6726,-0.2737,363.8891,39,29.4739
89.16,0.6841,12.5863,126.8527,54.6284,306.3121,10.3325,35.03,0.2727,90.2,410.2564,67.8662,2.1141,0.5344,179.9434,-1.2635,1150.2786,453.6239,136.6885,212.899,19.6757,0.9836,52.6876,3.44,5,1015.5484,-0.2247,359.3391,39,24.7482
88.66,0.6708,12.6292,126.66,84.8125,307.4805,10.4245,36.9116,0.3226,89.8,413.0712,61.576,2.1885,0.539,180.4363,-1.2631,1145.4087,447.1484,131.4484,215.6092,19.586,0.9894,54.9539,3.22,0.4323,1173.1781,-0.2171,362.6198,39,24.731
89.56,0.8572,12.2975,128.2499,87.3244,299.1483,10.7561,36.8975,0.2668,90.1,413.6628,95.8161,2.6246,0.532,206.9399,2.4158,1254.6622,455.0543,137.1654,211.555,19.6967,0.8924,60.2734,3.48,0.0197,1186.4177,-0.1752,362.7853,39,22.8606
88.46,0.7255,12.4811,127.1146,41.4834,287.8541,10.2739,34.076,0.2788,89.8,413.8819,82.717,2.2751,0.5319,222.0605,-1.2108,977.2057,441.9793,134.3156,212.5658,19.7408,1.0118,55.3793,6.81,-0.1047,1191.8286,-0.2399,364.7189,39,21.2047
88.76,0.751,12.2867,126.6021,52.951,285.248,10.2073,31.6839,0.3178,90,410.2843,86.4282,2.2167,0.5375,210.2283,-1.0301,903.2528,437.7379,132.3361,212.5258,19.7555,0.9949,58.4992,1.58,0.1139,1269.5926,-0.2469,361.3253,39,19.5874
88.26,0.7579,13.5166,126.2724,32.4084,308.9568,10.927,34.8462,0.3311,89.7,413.9989,83.5259,1.9476,0.5362,180.4466,-1.2594,1078.7767,442.9076,132.6934,203.9526,19.6692,1.0315,56.1183,1.58,0.2527,1219.4274,-0.2297,364.2485,246.7539,17.3317
88.36,0.7387,13.6746,132.0929,30.0505,307.2169,10.6967,32.4769,0.2693,89.4,413.0139,83.7264,2.3731,0.5326,219.1551,-1.2048,1291.9431,449.5295,128.6754,218.3357,19.7263,0.9657,58.2336,2.54,-0.0289,1538.0225,-0.2536,363.749,55.8295,16.7581
88.86,0.7377,13.7974,132.238,66.1444,303.2269,10.3242,35.1936,0.2668,89.9,410.4613,82.3718,1.394,0.5399,249.1797,-1.2604,1298.5066,448.8413,144.1092,206.0853,19.6916,0.933,55.8112,2.71,0.0068,1661.3282,-0.2266,359.7862,97.9826,13.9881
88.66,0.7155,14.4459,121.4328,42.4247,294.4425,8.1669,34.2277,0.2672,89.1,412.0277,84.2321,2.1875,0.5362,232.9727,0.5945,945.0109,447.6062,137.0075,219.905,19.7368,0.9543,57.9866,3.25,0.0731,1686.5003,-0.2261,360.647,64.4371,11.9353
88.96,31.2883,14.142,129.1378,63.7942,295.653,9.5,34.8765,0.2692,90.1,413.5833,85.1503,-0.9015,0.5343,220.313,1.6549,987.4875,452.0627,140.1615,182.6373,19.7249,0.8696,53.4744,5.6,1.8597,1842.2586,-0.2034,362.6641,98.7634,8.4904
87.66,24.8366,14.1712,130.1118,26.4791,280.506,8.0384,36.572,0.2504,88.8,409.1313,81.4082,-0.9036,0.5296,242.8965,-1.2448,1357.204,440.1321,127.9706,175.7493,19.7305,0.9233,51.6156,6.04,0.042,1954.7948,-0.2103,360.0032,123.0401,5.9575
87.16,24.6887,17.8893,128.1125,41.2212,287.394,10.421,37.9914,0.2622,88.3,412.042,78.9827,0.2464,0.5356,218.2919,0.0561,1401.9938,429.0569,122.4844,198.2335,19.7341,1.1487,44.1018,6.33,-0.0809,1982.7525,-0.3322,363.7109,76.1058,4.7955
85.96,29.5607,15.0302,119.4065,49.9536,263.7904,8.4591,36.7606,0.3864,87.3,411.0085,127.646,52.7123,0.5938,214.351,-0.1354,975.5068,419.3726,59.2754,176.9611,-40.6727,1.1823,50.0062,6.38,5,1686.882,-0.4411,362.2223,39,-0.0075
86.56,30.5141,14.0483,115.6012,27.3379,265.9112,8.307,34.7769,0.4128,87.5,410.9909,127.0833,54.7705,0.6018,221.5921,3.8451,944.4765,427.4844,62.0438,182.4917,-40.6247,1.0097,49.8412,5.54,5,1712.4637,-0.3627,361.374,39,-0.0049
86.16,30.8474,14.1931,116.2962,73.2693,265.071,8.8776,34.2238,0.3836,87.5,410.9417,119.6908,53.7378,0.6081,222.515,-0.274,940.8073,424.2296,62.4152,180.2018,-40.6101,0.8657,52.3357,6.17,5,1701.9055,-0.3837,361.4893,39,-0.0046
86.29,28.198,13.9307,120.956,26.2949,267.7885,8.5576,32.4324,0.3737,87.8,410.6528,118.6405,53.9031,0.6118,219.1119,0.0459,696.87,425.9614,65.1704,185.8598,-40.4558,0.9691,51.8493,6.33,5,1930.2954,-0.2536,362.7883,4292.3293,-0.0056
89.09,25.5487,12.9996,126.8171,19.4926,280.1969,12.1349,32.4391,0.3662,90.6,411.1664,113.742,41.5859,0.603,219.867,-0.2379,844.1216,414.7605,136.1037,181.9032,-40.7383,0.8891,52.8475,5.94,5,1352.5849,-0.3889,366.8168,4368.805,50.7873
89.49,2.6095,13.313,125.8091,47.0989,279.7482,11.8219,31.8503,0.4118,90.2,411.1613,115.2894,42.3125,0.603,208.955,0.0611,730.6133,413.108,136.3855,181.9607,-40.8915,0.8845,53.3995,9.37,5,1284.3083,-0.4046,366.9134,4248.0035,48.3486
89.69,11.0688,13.3759,127.2352,83.7503,294.1751,12.6396,33.5665,0.3996,90.4,411.0776,109.8022,42.7777,0.5957,226.5024,-0.1642,1159.2266,425.1209,142.1502,179.4832,-40.615,0.7788,52.2298,3.82,5,1343.4737,-0.2852,364.9989,4448.8392,46.9093
89.09,19.5281,13.6386,127.4675,44.064,289.4635,12.1865,36.8744,0.3622,90.3,410.9827,111.8256,42.3536,0.6016,230.3465,-0.1191,987.0972,418.4805,140.1839,182.9002,-40.6547,0.8109,51.873,5.63,5,1303.2508,-0.3882,365.8701,4478.5548,44.9569
88.29,20.881,13.5188,126.7652,65.1158,286.5079,12.4066,34.5924,0.3478,89.3,411.6002,160.8464,43.8729,0.619,219.2997,0.7412,794.5375,415.5534,143.5086,196.8723,-40.5838,0.7763,52.4497,5.16,5,1298.9891,-0.4267,369.16,4470.2932,40.1966
88.49,23.9831,13.3498,127.8981,45.7288,293.1021,12.328,37.1776,0.4295,89.9,410.9026,159.8864,44.4234,0.6026,209.6917,0.1362,974.7725,421.2273,144.2564,197.2004,-40.6948,0.7657,53.4647,4.3,5,1373.6753,-0.3659,367.49,4566.8572,39.5733
88.29,27.0853,12.7444,125.9328,28.0319,274.4483,11.8228,33.3449,0.3858,89.4,410.362,153.674,43.8622,0.613,200.3288,4.4177,755.0229,415.098,143.1661,182.5178,-42.7022,0.7838,52.4933,3.88,5,1322.7966,-0.3678,367.7659,4587.6483,38.5975
88.69,19.1765,12.5257,127.4021,74.7486,283.7813,12.1799,34.4105,0.4053,90,410.9548,109.7951,43.7972,0.6153,211.2018,0.0883,870.1448,420.1785,143.478,187.1085,-40.6908,0.8628,53.1107,5.51,5,1321.2803,-0.3707,368.0372,4436.8556,36.5317
88.49,24.9924,12.4106,126.9429,57.369,291.3255,12.3663,36.754,0.3615,89.9,411.1972,105.6772,43.0764,0.5929,208.2015,-0.1507,1090.1216,424.4862,142.5515,192.9976,-40.5351,0.8408,52.5571,4.11,5,1289.4375,-0.3169,367.3811,4658.1934,36.435
88.49,23.7282,12.6122,127.4086,39.7848,296.2057,12.1201,33.4606,0.4171,89.7,411.6672,111.4026,43.9125,0.6106,204.3602,0.2077,1023.201,421.2111,144.6453,202.2656,-40.5961,0.8293,53.7556,5.87,5,1379.1237,-0.4572,368.8242,4628.2707,35.0908
88.39,21.8318,12.3017,127.6454,18.849,289.3117,11.9854,35.1759,0.3421,89.7,411.9303,108.7113,43.073,0.6172,205.8526,0.6441,984.1063,418.9429,142.4112,196.1214,-40.6301,0.7641,52.8984,5.55,5,1327.9084,-0.4694,368.3428,4762.283,33.1506
88.29,20.5675,12.5455,127.2017,75.2624,287.1482,12.0708,35.1395,0.3667,89.7,410.8212,106.5075,43.9718,0.6377,205.2354,4.2468,1165.6769,420.2878,146.1584,196.2288,-40.5679,0.7801,52.3907,9.01,5,1485.6065,-0.5054,366.8109,4907.8512,30.2183
88.29,19.3032,12.8589,128.7132,60.5563,290.158,12.0597,35.5577,0.3864,89.7,413.0794,107.639,44.0496,0.611,199.7427,0.445,1170.9612,429.0626,147.0154,204.47,-40.521,0.7749,53.4109,4.96,5,1520.835,-0.4376,367.1861,4834.9869,26.3348
88.29,17.4069,12.9552,127.2833,31.1636,282.1001,12.3265,37.2805,0.369,89.6,411.3097,110.876,45.3891,0.6325,200.8024,0.4242,1162.9536,428.9978,148.4696,187.8888,-40.6726,0.8237,52.6498,9.64,5,1589.3764,-0.3642,364.8431,4748.1321,18.7938
88.09,16.1426,13.3267,126.9773,88.7176,284.0636,12.5816,33.3566,0.3667,89.2,411.1329,107.6745,42.3601,0.5999,195.0162,0.0261,1235.0054,432.3386,138.4272,179.5848,-40.5124,0.7725,51.1871,5.6,5,1552.1203,-0.2484,365.1988,4850.9008,14.0972
87.99,10.6996,12.7436,127.5404,61.8159,280.1671,12.4609,34.0089,0.3623,89.4,412.5313,113.5482,44.7382,0.622,200.3976,0.4148,985.8972,434.787,143.3937,174.3391,-40.8967,0.7879,52.6818,4.67,-0.0088,1575.3459,-0.2674,366.2945,4773.7687,6.22
88.39,28.9202,13.1172,125.5978,32.2593,272.1993,12.1884,34.1763,0.3645,89.4,411.0578,112.2634,39.9722,0.6334,204.9107,4.4831,891.6518,421.0484,137.0052,170.4211,-40.4727,0.8578,51.1692,5.45,-0.0097,1582.8377,-0.286,365.9684,4915.9393,2.4051
88.99,28.7292,12.8486,112.1496,84.2592,266.7453,8.5219,33.6546,0.3433,90,412.998,114.2861,52.3157,0.6103,194.4672,0.5601,657.1327,425.3068,59.9899,174.5816,-40.5548,0.7817,50.8509,5.43,-0.0037,1621.5012,-0.4421,366.132,4083.5726,-0.0017
89.98,28.9309,13.5691,124.8162,58.2797,280.1208,12.4003,37.0583,0.3363,91.1,410.4028,115.8926,39.8846,0.6179,207.9304,0.5694,843.0279,413.5057,134.1458,176.8468,-40.5413,0.6909,51.018,5.31,-0.0038,1354.3833,-0.4456,365.7695,2688.1063,-0.0029
89.78,28.6998,13.3981,126.6601,16.3752,280.6746,12.0988,36.4856,0.375,90.9,410.9911,113.0443,38.6887,0.6212,204.6774,0.2778,976.8497,413.1794,134.9579,175.0895,-40.5129,0.7644,50.7703,4.91,-0.0127,1204.7653,-0.4653,368.5331,2719.8136,-0.0051
89.76,28.6142,13.5006,126.0737,76.7433,288.2731,11.8809,31.5106,0.3393,90.9,412.5416,113.9408,39.0438,0.6403,198.7496,1.1086,1168.9766,415.1827,130.8273,188.313,-40.5178,0.863,49.2926,8.72,-0.0153,1119.892,-0.4484,369.8421,39,-0.0033
89.86,28.7071,12.9418,122.4899,36.723,274.9664,11.6163,34.6857,0.3586,91,411.104,115.4265,38.4481,0.6472,180.6602,4.6836,936.2593,410.2749,130.6534,174.6783,-40.5788,0.8027,49.0848,7.35,-0.006,971.7953,-0.4666,367.7022,39,114
89.78,30.4353,13.1407,122.8923,66.8299,281.166,11.5289,33.8348,0.3669,91,411.0308,122.939,40.6377,0.6367,191.1342,2.1017,790.4151,416.7386,138.3883,179.4344,-40.5449,0.8514,54.8105,3,-0.0128,1021.1389,-0.4835,366.8413,2928.6772,-0.0005
89.58,30.6835,13.163,122.3852,53.2103,286.1134,11.722,32.748,0.3366,90.8,411.3112,123.1915,40.6941,0.6155,202.586,4.9758,699.7521,419.4697,135.9205,176.7185,-40.5336,0.8488,54.7428,6.37,-0.0063,1025.6603,-0.3544,366.3463,3474.0731,61.0081
89.48,28.5064,13.192,123.0648,34.7836,270.377,12.1145,36.9229,0.3392,90.8,411.0108,112.4645,39.944,0.6134,205.581,0.0356,709.9169,418.659,139.246,177.1047,-40.6218,1.5264,53.4811,1.71,-0.0069,945.3008,-0.3889,367.8091,3618.7866,58.1131
89.48,30.9124,12.89,123.5619,22.0138,276.6163,11.7275,37.5446,0.3188,90.7,411.1641,138.476,39.8011,0.6059,205.8376,0.0394,819.0968,420.1786,138.8414,193.5074,-40.6408,1.2328,54.246,7.44,-0.0167,946.3719,-0.3882,368.0868,3607.6113,54.7235
89.58,27.7615,13.4966,123.2329,16.6399,277.0551,12.1065,31.9411,0.3478,90.7,410.6629,119.2952,39.3791,0.6138,204.176,-0.1403,779.9945,420.0213,138.4518,185.7472,-40.6564,1.4734,53.4162,7.81,-0.0111,942.1702,-0.3646,367.5003,3722.2841,51.7682
89.48,27.3483,12.7285,123.3128,16.0498,291.7033,12.4929,33.3069,0.3717,90.4,411.0641,119.9574,39.3441,0.6178,197.6071,0.0112,828.7032,420.1348,138.637,194.5404,-40.6013,0.8542,54.2979,6.61,-0.0109,950.9444,-0.3814,369.0234,3498.5412,50.7926
89.78,23.5624,12.7562,121.4724,36.3938,268.3416,11.487,33.122,0.3977,91,409.1392,122.8484,40.5167,0.5979,184.3909,0.8092,648.5079,419.6935,138.632,160.4092,-40.4967,0.0843,54.4195,7.15,-0.0079,925.3322,-0.3268,363.1648,3516.5809,46.6734
89.18,24.9603,14.2986,123.0119,25.4791,267.848,11.4923,35.7149,0.3496,90.6,410.9643,130.3302,39.2714,0.6452,187.6568,0.372,750.1497,420.4301,139.4496,173.4453,-40.5679,0.7635,53.7227,2.16,-0.0025,907.0461,-0.3738,368.173,3558.2915,45.8737
89.18,23.4289,14.1544,122.7011,24.0872,262.9678,11.2959,35.5784,0.3723,90.5,410.9719,124.1931,39.5477,0.6402,194.4511,0.2091,797.8099,415.2263,138.9323,173.5658,-40.5693,0.7353,53.9678,5.7,0.0039,954.0423,-0.5499,368.4642,3516.7758,44.9249
89.08,21.9556,14.1736,123.0252,72.3264,273.125,11.2734,33.7241,0.3766,90.1,411.0739,121.7015,38.9811,0.6018,205.9726,0.3759,793.6837,417.7792,137.6812,178.0753,-40.5751,0.7053,54.3717,2.38,-0.007,965.5433,-0.3847,367.5714,3531.8901,42.0212
89.08,23.2921,14.268,123.3961,69.2651,280.9043,11.9416,31.5323,0.3759,90.4,411.1548,129.2688,39.6506,0.6176,202.9423,1.3153,782.4153,427.6394,141.825,187.0214,-40.6486,0.7455,56.5077,1.68,-0.0149,968,-0.3302,366.1198,3495.6825,41.0587
89.08,22.4143,14.0731,123.7517,61.3536,288.7706,11.5827,33.8178,0.3068,90.4,411.5877,128.2017,38.4431,0.6333,208.7287,0.392,836.9976,422.2713,136.8073,200.5351,-40.6227,0.6774,55.5302,2.45,-0.0075,986.6081,-0.3932,367.9468,3489.1072,40.0786
89.18,23.0185,14.0853,124.6954,48.8799,286.2012,11.7615,38.139,0.3535,90.5,411.1897,130.708,37.9298,0.6007,207.3253,-0.1166,902.28,415.5679,136.5657,193.0323,-40.5457,0.726,56.0342,2.09,-0.0124,968.9955,-0.5334,368.0747,3484.9296,39.462
89.18,21.6907,14.3046,123.9939,41.7595,284.3063,11.5631,37.5409,0.2901,90.5,411.1173,127.8341,37.4336,0.6313,209.3148,1.6929,896.1421,411.742,135.019,196.5372,-40.5536,0.6859,54.5727,1.88,-0.0131,988.9293,-0.5801,368.6266,3550.8396,37.8523
89.08,22.8629,14.0467,123.5445,34.4898,273.389,11.6338,35.9136,0.3746,90.4,411.1849,142.3123,37.3757,0.6372,202.6646,0.3705,740.4249,413.1431,134.9691,187.3487,-40.6503,0.7435,52.9423,1.62,-0.011,956.5367,-0.5479,368.6762,3443.4574,36.5458
88.98,22.9403,13.7764,124.4495,24.0633,282.4496,12.0427,35.3035,0.4086,90.3,410.8834,149.3738,38.8886,0.6318,206.4127,4.6357,886.4088,422.5952,141.3922,206.1746,-40.6199,0.6691,54.7398,2.16,-0.006,1003.4847,-0.4616,366.5846,3486.905,35.2568
88.59,14.7363,14.1142,122.412,12.7302,272.6938,12.0489,34.769,0.3839,89.7,411.9114,133.7613,39.3784,0.6106,198.0524,0.7831,673.0182,425.3144,141.3525,200.2542,-40.5099,0.751,53.3194,2.18,0.0007,1106.0969,-0.4659,365.4404,4773.3898,29.7129
89.16,9.3694,12.3315,126.5877,54.6722,268.9852,11.1153,33.3409,0.1254,90.5,410.2772,119.5746,37.2262,0.6067,193.8945,-0.0479,701.3252,427.4168,143.8585,197.5295,-41.1107,0.1477,54.9259,1.44,0.0017,1399.5703,-0.38,364.645,5577.2822,20.3407
89.1,9.0079,12.282,126.8967,53.4832,269.0921,11.102,33.3184,0.1232,90.4,410.264,118.4671,37.1123,0.605,194.2355,-0.086,706.1421,427.3846,143.8792,199.0539,-41.1116,0.1475,54.9049,2.08,0.0018,1420.4175,-0.3774,364.7941,5588.5574,20.0021
89.1,8.6463,12.2324,127.2057,52.2942,269.1991,11.0886,33.2958,0.121,90.3,410.2509,117.3596,36.9984,0.6033,194.5765,-0.1241,710.9591,427.3524,143.8999,200.5784,-41.1125,0.1473,54.8839,1.71,0.0019,1441.2648,-0.3748,364.9431,5599.8326,19.6636
88.9,8.104,12.1581,127.6692,50.5107,269.3595,11.0686,33.2619,0.1177,90,410.2312,115.6984,36.8276,0.6008,195.0881,-0.1812,718.1845,427.3042,143.9309,202.865,-41.1138,0.147,54.8524,1.91,0.002,1472.5356,-0.3709,365.1667,5616.7454,19.1558
89.1,7.7424,12.1086,127.9783,49.3217,269.4664,11.0552,33.2393,0.1154,90.2,410.218,114.5909,36.7137,0.599,195.4291,-0.2193,723.0014,427.272,143.9516,204.3894,-41.1147,0.1468,54.8314,1.41,0.0022,1493.3828,-0.3683,365.3158,5628.0206,18.8172
89.1,7.3808,12.059,128.2873,48.1327,269.5734,11.0418,33.2168,0.1132,90.2,410.2048,113.4834,36.5998,0.5973,195.7701,-0.2574,727.8184,427.2398,143.9723,205.9138,-41.1156,0.1465,54.8104,1.86,0.0023,1514.23,-0.3657,365.4649,5639.2958,18.4787
89.1,6.8385,11.9847,128.7508,46.3492,269.7338,11.0218,33.1829,0.1099,90.3,410.1851,111.8221,36.429,0.5948,196.2817,-0.3146,735.0438,427.1916,144.0033,208.2004,-41.1169,0.1462,54.7789,2.05,0.0024,1545.5009,-0.3618,365.6885,5656.2086,17.9709
89.4,6.4769,11.9352,129.0598,45.1602,269.8407,11.0084,33.1603,0.1077,90.6,410.172,110.7147,36.3151,0.5931,196.6227,-0.3527,739.8607,427.1594,144.024,209.7248,-41.1178,0.146,54.7579,1.96,0.0025,1566.3481,-0.3592,365.8375,5667.4837,17.6323
89.2,6.1154,11.8857,129.3688,43.9713,269.9477,10.9951,33.1377,0.1055,90.5,410.1588,109.6072,36.2012,0.5914,196.9637,-0.3908,744.6776,427.1272,144.0447,211.2492,-41.1186,0.1458,54.7369,2.14,0.0027,1587.1954,-0.3566,365.9866,5678.7589,17.2938
89.1,5.573,11.8114,129.8324,42.1878,270.1081,10.975,33.1039,0.1021,90.1,410.1391,107.9459,36.0304,0.5888,197.4753,-0.4479,751.903,427.079,144.0757,213.5358,-41.1199,0.1455,54.7053,1.96,0.0028,1618.4663,-0.3527,366.2102,5695.6716,16.786
89.4,5.2115,11.7618,130.1414,40.9988,270.215,10.9616,33.0813,0.0999,90.1,410.1259,106.8384,35.9165,0.5871,197.8163,-0.486,756.72,427.0468,144.0964,215.0602,-41.1208,0.1453,54.6843,1.97,0.0029,1639.3135,-0.3501,366.3593,5706.9468,16.4474
88.8,4.8499,11.7123,130.4504,39.8098,270.322,10.9483,33.0587,0.0977,89.9,410.1128,105.7309,35.8027,0.5854,198.1574,-0.5241,761.5369,427.0146,144.1171,216.5846,-41.1217,0.1451,54.6633,1.99,0.003,1660.1607,-0.3475,366.5083,5718.2221,16.1089
89.3,3.9669,12.2989,130.2612,30.8636,273.2357,10.9421,32.5996,0.3478,90.4,409.999,105.1334,35.8895,0.6103,196.8456,-0.5129,837.0464,425.8367,145.2197,219.1308,-40.6536,1.2486,54.9735,2.14,0.0008,1750.26,-0.3176,366.2544,5628.9287,13.1687
90.1,3.9077,12.1687,129.8059,56.465,281.4827,10.9614,34.2642,0.3316,91.4,412.66,102.9496,36.075,0.5884,194.3767,-0.7714,946.5768,434.122,145.8771,213.4788,-40.4322,1.2042,55.2259,2.33,0.0006,1713.4171,-0.281,367.9048,5641.7971,10.9969
89.6,3.9663,10.9367,129.6815,33.6619,272.0673,10.8697,34.0586,0.5197,90.7,406.8846,112.6902,32.7855,0.6174,181.8903,4.9472,787.4088,429.3132,147.3079,212.6091,-40.7081,2.1951,44.5687,1.6,0.0005,1653.984,-0.27,360.8191,5641.3675,9.1674
89.3,3.7668,12.0326,129.2725,65.7792,274.9512,11.4689,32.9686,0.324,90.6,409.7784,105.499,36.0192,0.5811,194.2066,0.6515,862.4628,429.5627,149.3593,210.9473,-40.6587,1.0911,56.6202,2.1,0.0013,1685.8776,-0.3045,366.1436,5742.457,6.161
89.2,3.8827,12.3053,128.1261,38.166,263.9538,10.5402,35.2039,0.3278,90.4,409.9744,106.1618,35.9933,0.5766,195.3495,1.9721,813.5388,427.2797,148.4806,188.2073,-40.7892,1.1801,56.3553,1.62,0.0053,1529.0915,-0.2987,366.2784,5673.2946,4.8719
89.2,3.9795,12.5148,131.9164,47.7513,280.448,10.5632,36.7905,0.3095,90.5,408.1934,105.0094,33.6371,0.5773,212.6476,4.3048,820.6711,426.5119,145.1949,213.8425,-40.3254,1.1036,55.3206,1.93,0.0041,1603.4366,-0.2512,364.6939,5695.7186,4.0216
89,3.7128,12.4763,129.9945,47.2083,277.951,10.7998,34.6896,0.3469,90.2,409.3647,111.0087,33.2853,0.5777,213.0375,6.7125,906.4755,426.341,144.3269,205.4396,-40.7254,1.1133,55.6096,1.71,0.0101,1680.7208,-0.3009,365.5861,5536.7643,-0.0108
89,3.7509,12.8027,130.0988,76.3139,274.8237,10.6983,33.1795,0.3633,90.1,408.6589,115.1957,33.2716,0.5933,214.4156,-0.5692,782.9991,419.5637,143.1256,208.6374,-40.4304,1.1217,55.8072,2.61,0.0036,1650.3055,-0.3518,365.9713,5694.0454,-0.0122
89.09,4.3517,12.0663,130.2221,69.9941,293.1807,11.5068,35.5708,0.3341,90.4,411.9355,118.0786,32.5445,0.5766,213.9742,1.5799,1100.5305,431.5828,143.8108,218.2984,-40.3859,1.0676,56.2709,1.55,0.0094,1636.1743,-0.2555,368.6331,4753.3835,-0.0093
88.59,5.4228,12.8064,129.8808,37.4017,282.4481,11.0793,33.1548,0.2881,89.9,411.1298,115.9004,31.9827,0.5776,219.1789,-0.797,848.8216,424.2149,141.87,214.1911,-40.3743,1.0862,53.6555,1.43,0.0065,1572.9754,-0.3471,366.9846,4953.6562,21.0414
88.6,7.3231,12.3876,130.4197,53.7251,282.5603,11.0492,34.697,0.3119,89.8,408.3696,120.5406,31.8928,0.5902,210.5414,-1.2305,936.0829,425.1865,145.2425,207.7094,-40.4796,1.0799,57.3927,1.47,0.0148,1596.8315,-0.3157,365.269,5786.958,16.8485
88.8,9.6448,12.6398,129.7557,46.4614,260.8699,10.7993,33.9869,0.3087,90,414.8094,118.1164,32.2812,0.5893,198.3055,-1.0135,983.1895,443.2371,144.6386,163.0227,-40.3088,1.0173,57.0564,1.35,0.0118,1936.3837,-0.1905,368.3153,5094.9668,13.3449
89.02,18.6433,12.6127,130.452,38.7241,279.0553,11.3751,33.9816,0.2707,90.3,410.5356,104.6893,31.1527,0.5756,215.4268,-0.9241,929.8145,427.5771,143.2439,211.1944,-40.2993,1.034,54.9411,1.32,0.0133,1750.22,-0.2974,366.61,6129.7419,7.0085
89.28,18.0871,12.0603,124.2242,61.5409,277.0902,10.9386,33.2048,0.2657,90.5,407.3746,102.3646,32.5187,0.5849,202.4662,-0.6615,816.1535,425.7691,143.5546,209.245,-40.4344,1.0123,61.5178,1.62,0.0094,1271.7808,-0.2868,363.6237,3928.5437,3.38
88.99,17.4714,12.7453,127.6019,44.3873,283.8507,10.8751,34.7701,0.2652,90.2,411.9009,102.599,31.1249,0.569,201.2143,-0.9707,899.949,431.557,142.0975,214.3029,-40.3661,1.0414,56.2515,1.44,0.0112,1265.0901,-0.2487,365.8243,4136.6913,0.5237
89.08,15.9211,12.5592,125.9494,39.9585,281.0775,11.0985,35.438,0.2595,90.3,411.4065,94.6902,31.1,0.5742,208.1972,-1.0537,949.4953,436.9662,144.4964,209.0265,-40.3647,1.05,56.5456,2.7,0.0095,1283.9381,-0.1997,364.9683,3942.5025,-0.0113
88.89,15.759,12.666,125.7989,37.8016,279.8008,10.9955,35.0425,0.2546,90.1,409.7259,94.5603,30.8463,0.5861,204.515,-0.9755,871.349,428.6284,141.975,212.683,-40.3651,1.1021,56.0506,1.42,0.008,1288.1617,-0.2342,364.8115,4016.0413,54.2611
88.59,15.9129,12.3553,128.8751,66.0212,285.4052,11.1689,35.3541,0.2729,89.9,410.7037,93.4955,30.6658,0.5647,216.0232,-1.1135,930.3937,436.7972,145.4422,209.0333,-40.4126,1.1042,57.6739,1.47,0.0153,1323.6204,-0.2353,364.5477,4185.4481,51.7418
89.06,15.6461,12.5062,124.66,44.2194,285.7639,11.4199,34.7236,0.2376,90.3,409.1451,94.0631,30.1352,0.5886,209.439,1.0085,1146.5826,427.2606,140.1394,210.447,-40.3461,1.0395,56.255,2.61,0.0147,1091.4488,-0.3158,364.8998,39,47.8745
89.06,15.9164,12.3744,124.489,47.5116,285.6601,11.6235,34.8126,0.2838,90.3,412.131,93.0575,29.5544,0.5648,205.0077,-1.1841,1205.2264,430.3735,136.9926,211.0393,-40.4141,1.098,56.6456,1.42,0.0182,1151.0734,-0.3037,366.8886,39,44.9656
88.26,18.1862,11.7206,124.6622,54.3893,282.7839,10.2323,33.3895,0.1672,89.7,408.6353,108.6831,28.7128,0.5579,205.7663,-1.1967,1176.8686,430.8509,139.2043,206.9004,-40.4316,0.55,50.9128,1.59,0.0153,1124.7094,-0.1769,365.7829,39,42.8942
88.96,16.5273,12.8734,123.9705,57.5476,318.0281,11.6581,31.7695,0.3154,89.7,411.0343,100.392,28.7604,0.5784,201.4332,-0.992,1098.543,428.4238,136.3208,228.132,-40.3285,1.1902,54.0228,1.69,0.0172,1184.8969,-0.2795,365.1025,39,39.6133
88.46,11.5687,12.4637,123.5121,42.6492,278.589,11.2627,31.5472,0.3513,89.7,409.6331,116.0004,28.7715,0.5659,214.1246,-0.98,1094.6235,422.3024,135.5677,214.7023,-40.4079,1.19,54.8511,4.31,0.017,1109.8273,-0.3798,364.6281,39,39.5743
88.16,10.7722,12.4252,124.6763,45.7358,289.4841,11.4983,34.3541,0.3633,89.4,413.7955,106.7392,29.0503,0.9517,216.9409,-1.279,1288.4639,439.0759,138.7528,217.5083,-40.3666,1.1192,56.8872,1.54,0.0202,1037.4755,-0.1888,365.7841,39,38.1385
88.26,9.9051,12.9255,123.5749,36.9903,286.0875,10.7414,34.2433,0.3332,89.6,408.1013,102.4192,28.7628,1.5632,214.0107,-1.3051,1237.5444,419.8954,136.7269,219.5723,-40.4396,1.1897,53.5208,1.57,0.0237,1077.8436,-0.3831,363.4129,39,36.5423
87.96,9.7461,12.6431,123.2855,61.4741,288.3547,10.7953,34.6807,0.3532,89.3,415.0587,104.134,28.8433,0.8394,207.8187,-1.3032,1323.0777,441.8652,141.5088,214.6107,-40.4073,1.111,54.8475,2.6,0.0217,1061.3563,-0.2033,366.678,39,34.1735
88.96,10.0514,12.3994,124.2821,55.0427,290.8493,10.8686,34.3397,0.3047,89.8,414.5993,114.5502,26.955,1.2041,200.6178,-1.2984,1252.8626,434.4493,137.2502,220.4268,-40.3234,1.0867,51.2844,1.44,0.0238,1130.7123,-0.2753,367.5316,39,29.9863
88.36,9.0964,12.2854,122.6642,54.4188,278.5264,10.8539,32.8856,0.3109,89.7,410.6914,111.6853,26.7782,0.6009,205.2531,-1.2822,1136.3424,416.4533,134.2104,219.883,-40.3762,1.2259,52.7552,4.93,0.022,1154.0454,-0.4032,366.9785,39,22.5652
88.66,7.665,13.0578,124.0787,53.4004,287.7564,11.2325,34.7378,0.3044,90,410.3593,107.2987,28.9769,0.9687,216.474,-1.3012,1354.5466,435.6791,144.1203,217.9015,-40.7473,1.0795,62.0576,1.19,0.0227,1142.0273,-0.2842,364.7018,39,18.7527
88.46,6.977,12.601,123.8145,40.2766,282.6343,11.2908,34.4515,0.3035,89.7,410.4027,107.7655,28.4411,0.973,185.2328,-1.2919,1376.6046,434.9104,144.1749,221.8665,-40.5076,1.1031,59.7954,4.44,0.0245,1185.0451,-0.2905,365.0854,39,15.0108
88.09,6.3239,12.8223,128.0239,57.9874,291.3736,10.6129,35.0647,0.3036,89.4,410.4098,108.1255,26.1611,1.6093,200.2034,-1.308,1086.4108,428.7572,144.147,226.4775,-40.3999,1.17,53.341,6.89,0.0272,1558.0463,-0.3349,365.396,4691.2236,9.8425
88.69,5.7977,12.1451,128.5258,63.9445,285.3289,10.9861,34.8561,0.3071,90,408.852,110.198,25.8739,1.0283,197.4882,-1.1641,1063.2395,431.9824,145.7575,215.6147,-40.3666,1.0598,53.8283,1.51,0.0284,1470.4293,-0.2637,363.1185,4720.0243,5.3766
88.8,5.3784,11.9597,128.8328,74.7622,298.1906,10.8125,37.5174,0.3231,89.9,409.634,108.9923,26.403,1.6128,188.4133,-1.3133,1252.3841,436.5426,149.5363,232.7395,-40.3958,1.179,57.346,2.98,0.0306,1555.4412,-0.2278,363.6274,5788.8346,2.454
88.72,4.2749,12.2997,127.8706,59.2205,281.0096,10.8028,35.2188,0.3004,90,409.0331,109.7666,24.3676,0.5949,183.958,-1.3118,1158.7205,419.3329,145.0156,220,-40.4212,1.1755,53.9678,1.12,0.029,1442.664,-0.4015,365.8546,6177.3251,-0.0118
88.45,3.3629,12.9928,128.1648,40.7667,290.1648,11.0925,36.7086,0.2931,89.5,409.3518,110.3748,24.8695,0.5679,193.5172,-1.3035,991.3971,436.3459,153.6126,222.1408,-40.408,1.116,64.8801,5.15,0.0287,1432.6173,-0.2699,363.1177,8083.0039,52.743
88.12,16.3802,12.3252,128.721,42.3986,289.8001,11.3849,36.7749,0.3027,89.2,407.7952,115.4659,25.7121,1.5226,190.1694,-1.3096,1088.9078,433.1737,153.1542,225.8033,-40.3722,1.171,63.0409,1.29,0.0294,1419.0313,-0.2857,362.8783,7911.0309,48.4326
88.75,15.7901,12.3536,129.9375,70.3274,295.1167,11.2389,35.8309,0.2925,89.9,410.6706,112.8383,24.5389,1.108,187.2423,-1.311,1268.6552,439.6649,146.7623,221.0611,-40.5877,1.0605,57.0859,1.11,0.0314,1683.8785,-0.1822,362.9786,8229.731,41.8564
88.76,13.2549,12.9282,126.7897,55.5891,284.6604,11.2425,34.6676,0.2852,89.9,409.2588,113.079,23.011,1.178,191.936,-1.3024,1088.4076,417.247,130.6701,230.6577,-40.9693,1.3953,56.8118,6.95,0.0331,1212.9336,-0.4029,365.4431,39,38.6048
88.46,12.8956,13.0466,126.985,61.5879,295.3808,10.9406,35.7157,0.2888,89.6,408.7242,111.5095,24.1479,1.4078,201.9082,-1.3147,1206.086,436.9346,141.5551,233.2559,-40.5934,1.2395,65.751,1.27,0.0351,1089.9731,-0.2706,360.544,39,35.6169
88.36,10.3853,12.2259,127.1347,65.528,290.802,11.6349,37.1122,0.3835,89.4,413.3888,103.7231,22.8302,1.4989,201.108,-1.3761,1241.048,435.3245,130.249,222.0157,-40.1807,0.4184,60.039,4.06,0.0374,1156.1781,-0.2872,364.6412,713.253,32.1107
87.88,9.3256,12.1758,126.8805,63.4324,292.7373,11.1319,36.9581,0.3473,89,413.1305,104.5868,23.0276,1.3303,201.2672,-1.362,1212.7215,434.2585,120.1173,222.7504,-40.2171,0.7296,60.0862,3.99,0.0389,1342.36,-0.2703,363.697,2017.418,36.4953
88.18,8.2658499,12.125632,126.6263625,61.33683125,294.6726025,10.62899025,36.8039665,0.31102782,89.3,412.87214,105.45045,23.2250825,1.161723175,201.4263225,-1.34785545,1184.39505,433.192375,109.9855,223.484955,-40.2535635,1.0408825,60.13332775,3.61,0.040421587,1528.54195,-0.253295125,362.752915,3321.5832,40.879962
88,6.6763,12.0505,126.2451,58.1935,297.5756,9.8746,36.5728,0.2566,89.3,412.4847,106.746,23.5213,0.9089,201.665,-1.3267,1141.9055,431.5932,94.7879,224.5869,-40.3082,1.5077,60.2041,6.1,0.0427,1807.815,-0.2278,361.3367,5277.8309,47.4569
88.22,5.6166,12.0003,125.991,56.0979,299.5108,9.3716,36.4187,0.2204,89.3,412.2264,107.6097,23.7187,0.7403,201.8242,-1.3126,1113.579,430.5272,84.6561,225.3215,-40.3447,1.819,60.2513,1.3,0.0441,1993.9969,-0.2109,360.3926,6581.996,51.8416
87.52,4.5569,11.9502,125.7369,54.0023,301.4461,8.8687,36.2645,0.1841,88.7,411.9681,108.4733,23.9162,0.5717,201.9833,-1.2985,1085.2525,429.4611,74.5244,226.0561,-40.3812,2.1302,60.2984,2.55,0.0456,2180.1789,-0.1939,359.4485,7886.1611,56.2262
87.72,4.0803,13.3474,126.7977,52.3585,293.8721,7.3283,35.9776,0.278,89,414.9691,100.237,22.817,0.6111,201.137,-1.305,1145.4164,433.1184,74.0263,232.6447,-40.2731,1.2063,63.1829,8.92,0.0442,2283.8285,-0.2892,362.7063,7871.7243,45.489
87.85,3.9853,12.5558,124.7127,60.3975,292.6419,7.7179,37.1295,0.2681,89,412.077,97.4139,21.8201,1.1647,199.5393,-1.2959,873.9455,427.4344,77.8945,223.9467,-40.246,1.0091,64.1225,7.77,0.0434,1974.0453,-0.2692,362.0569,8582.4747,38.593
87.85,3.9945,12.9807,126.5135,43.9951,296.018,8.1657,36.8861,0.2399,89.1,416.5394,99.0182,21.656,0.9342,206.2162,-1.2933,1042.2449,433.1151,75.9596,223.5307,-10.0518,1.0947,64.3976,6.78,0.0446,2211.5359,-0.2468,365.1843,8563.2799,35.4642
87.95,4.1793,13.771,115.4689,54.1218,306.121,7.8181,34.6828,0.309,88.6,406.9579,109.4545,20.2046,1.639,195.2797,-1.2425,752.8479,418.5412,10.6177,222.7744,-45.6702,1.047,60.112,1.71,0.0403,1657.175,-0.2361,358.5383,8011.3918,18.9797
88.62,3.681,11.933,131.1079,61.1972,310.1694,11.1314,35.9512,0.2713,89.7,409.9413,100.2532,20.8794,0.5928,197.2571,-1.1607,1040.243,436.313,148.7608,224.8772,-45.9161,0.8881,63.2947,6.39,0.0437,1460.8539,-0.1768,360.8794,7325.4717,1.8715
88.85,3.6519,12.1153,130.3641,72.2118,306.469,10.7712,34.9799,0.2663,90,409.4518,99.8133,20.2015,1.2452,201.6917,-1.123,1122.6367,422.9164,147.4852,231.0401,-45.6623,1.2308,63.278,1.61,0.0429,1662.0743,-0.3693,363.3448,8015.3173,58.7578
88.75,3.3506,9.204,129.5766,44.3373,302.6679,11.6776,34.943,0.2728,90,414.8258,97.2071,19.2502,0.5764,194.8731,-1.0837,1067.3902,436.7076,149.3732,207.425,-45.0391,1.1883,61.2555,4.9,0.0451,1413.5988,-0.2991,367.6646,8980.5308,39.3784
88.72,2.6467,10.1794,130.5143,44.8426,315.857,11.2493,34.985,0.2881,89.8,412.9363,107.9942,18.3285,0.5823,195.979,-1.1667,1079.341,439.585,145.4557,219.5704,-44.4852,1.0907,60.6517,7.15,0.0449,1413.3427,-0.2479,362.7654,6391.5819,29.8218
88.62,7.8124,10.8062,127.8344,49.3093,310.451,10.4233,34.4211,0.2913,89.7,414.5317,106.3433,18.67,0.5738,196.522,-1.0216,1001.7713,440.2222,143.8555,233.9371,-43.8825,0.9929,58.0431,6.22,0.0447,1247.7768,-0.1605,364.1514,7488.0576,12.283
88.7,6.9416,10.235,131.8699,45.5891,304.4857,9.4195,32.7854,0.2648,89.9,416.7116,103.2085,17.3849,0.5785,195.8368,-0.9363,1204.338,438.5618,138.2292,211.8569,-43.3044,1.0135,54.3694,5.57,0.0451,1460.7773,-0.1994,366.8674,5036.5956,63.4752
88.65,7.5658,10.8101,129.1629,74.2074,308.2471,10.3504,33.2511,0.2745,89.8,405.1992,118.8836,17.0925,0.5891,203.6302,-0.9849,846.3991,417.5633,147.4293,222.6501,-42.3838,1.0271,56.9164,3.37,0.0445,1544.8193,-0.3328,360.0624,9697.865,45.6661
89.05,7.7282,11.6098,128.7041,63.2405,315.7006,10.6406,32.8793,0.2843,90.3,411.0763,122.5803,17.8569,0.5979,202.5044,-0.6937,1066.5761,424.8932,144.6555,215.6697,-42.8809,0.9452,57.434,3.33,0.0471,1653.3191,-0.312,364.4589,9624.6266,36.1753
88.65,5.0143,11.7589,128.7806,40.9397,312.9243,10.5249,35.8731,0.251,89.8,412.3863,108.8411,17.3481,0.5923,198.9887,-0.9903,997.4728,433.9054,149.4605,209.292,-40.7684,1.0427,64.4803,3.97,0.0471,1494.1766,-0.1873,364.6569,11320.4568,14.8298
89.15,5.6416,11.3777,127.9265,64.1012,300.0259,10.3458,32.4816,0.2641,90.4,409.2858,137.9024,16.246,0.5909,198.2882,-1.0225,910.0597,418.3558,140.0951,181.5133,-40.2626,0.9082,60.2905,6.4,0.0468,1490.4652,-0.2993,365.5561,8145.5811,-0.0179
88.65,5.4427,10.9628,130.8727,60.4309,315.0656,10.5374,37.8052,0.2765,90.3,410.2003,133.7913,16.1774,0.6181,203.5023,-1.297,1211.6683,434.7198,147.5081,211.0713,-40.1016,1.0138,60.2014,3.18,0.0566,1557.4366,-0.1544,364.3043,8417.1087,-0.0134
88.95,0.6896,10.928,130.018,48.9416,294.2666,10.4814,34.7602,0.2664,90,413.0353,31.654,15.8773,0.5864,201.699,-0.7668,1054.0416,418.7024,140.0575,206.4334,-40.1512,0.9522,57.4557,3.99,0.0462,1542.4182,-0.3076,370.424,8111.0381,65.8963
89.52,0.5858,11.1341,128.9448,49.3155,311.2515,10.7273,34.6008,0.2575,90.7,413.7435,27.2691,15.006,0.5844,201.7784,-0.9793,1042.0356,433.3452,140.7613,199.0755,-40.1554,0.9902,56.153,4.82,0.0538,1506.353,-0.2978,364.3007,7954.9659,38.594
89.75,19.8678,10.231,129.3517,45.6352,326.3179,11.045,36.5489,0.348,90.8,411.2371,189.2419,14.5814,0.793,200.8388,-1.0431,1028.3551,429.2709,140.9695,214.1098,-40.1526,1.1552,57.0122,4.76,0.0524,1538.5563,-0.2651,363.1478,8732.0018,34.1302
89.05,17.7556,10.8367,128.4831,57.1374,299.4391,10.776,34.6687,0.3391,90.1,414.7874,189.3906,15.595,0.5816,199.1673,-0.9793,1163.3803,435.7578,145.5129,214.9531,-40.0808,1.1565,69.1492,4.76,0.0476,1530.0583,-0.2326,366.7367,8361.9866,17.8555
88.75,16.7054,10.8458,129.5791,46.1514,297.8419,10.4002,35.204,0.387,90,412.7084,193.6774,13.3053,0.5799,191.607,-0.751,1038.7181,426.4032,140.7926,224.2272,-40.668,1.1792,60.9959,5.42,0.0478,1647.4118,-0.2718,367.4075,8424.7391,1.9665
88.32,15.1463,11.138,130.1993,44.0455,288.2792,10.3856,36.3119,0.3646,89.4,414.0207,199.5575,12.1739,0.5922,190.1152,-0.7273,954.586,431.8688,141.2103,182.1848,-40.5899,0.945,60.5189,4.65,0.0481,1626.9046,-0.1761,366.9226,7772.6964,65.5083
88.82,13.6433,10.7268,128.1089,43.2172,297.8098,10.2549,37.55,0.3551,90.1,412.3107,202.3087,11.6143,0.5755,198.9911,-1.0131,891.7164,418.7591,136.8089,212.0783,-40.5404,1.1568,53.6495,5.12,0.0491,1379.3086,-0.2899,367.6483,7699.8047,56.6455
88.56,5.6251,11.0545,127.0178,42.728,295.087,10.0594,36.0742,0.2991,89.8,412.7178,98.4804,11.3502,0.584,190.4401,-0.9858,1057.3505,425.6462,131.0689,159.6989,-40.5498,0.9617,53.1139,6.62,0.0495,1237.2685,-0.2873,364.5011,8376.18689,41.9742
88.95,5.6265,11.0037,129.0925,41.4391,295.9341,10.1592,37.1622,0.311,90.1,413.8888,99.1939,11.1596,0.5853,203.9238,-0.805,974.6411,426.1179,140.0608,200.3452,-40.5262,1.0203,53.5558,5.19,0.0497,1829.004,-0.2958,365.9848,10145.5665,36.2297
89.05,5.4398,10.9278,127.3596,59.9375,291.977,10.3923,35.7129,0.259,90.3,414.4614,97.5355,10.481,0.5858,201.075,-0.9754,988.5574,433.5849,140.1824,171.6741,-40.5679,0.9027,54.8645,3.77,0.0528,1788.6296,-0.1459,365.78,10013.8648,18.2685
88.75,4.8155,10.7783,127.0196,49.2869,304.1482,10.0554,35.5787,0.3262,89.9,413.809,99.0438,10.3046,0.6044,200.9223,-0.6462,1048.426,433.412,139.432,219.3325,-40.7245,1.1373,58.2495,6.84,0.057,1939.643,-0.2444,364.2287,8111.3578,-0.0138
89.25,4.5743,11.5217,129.2028,47.5167,295.8914,9.4836,37.3234,0.3027,90.4,413.1488,94.1788,9.4882,0.6398,194.0546,-0.8524,1099.7557,435.2033,144.8231,223.6548,-40.5029,1.1868,52.2801,11.09,0.0507,1921.9976,-0.1854,365.0571,9092.1642,69.6763
88.35,4.4017,11.0107,130.5139,51.2404,287.2098,10.6243,36.3106,0.273,89.5,410.9228,92.813,9.1679,0.5807,191.5285,-0.9791,1077.8376,432.7437,143.0923,181.9996,-40.514,1.1031,52.5678,5.3,0.0525,1939.3177,-0.2367,363.6784,8132.8496,64.4605
88.65,4.4151,11.1096,129.3057,40.4108,280.042,10.3768,36.1603,0.321,89.7,408.8302,93.7216,8.0173,0.5894,191.4631,-0.7108,1022.0208,426.2106,143.2373,217.246,-40.4787,1.0826,50.3357,3.69,0.0498,1856.739,-0.2512,363.0328,8189.3843,45.7033
88.45,4.3277,10.7675,129.5446,40.8688,280.2395,10.1828,36.3353,0.2917,89.7,413.9052,93.2609,9.7811,0.6064,192.5376,-0.7655,973.1842,435.5104,127.237,183.451,-40.4901,1.0833,49.8127,12.15,0.0554,1758.1736,-0.2372,365.6077,8112.0333,40.0812
88.65,4.3998,10.3188,129.9605,42.0641,277.2123,10.1609,36.606,0.2598,89.8,414.3096,92.2008,9.4048,0.5879,195.2774,-1.0267,986.6628,433.9472,127.6162,217.9252,-40.6199,1.0858,51.354,11.3,0.0593,1843.2973,-0.2287,367.0887,8099.3052,36.5377
88.25,4.7202,11.0448,128.653,69.9794,282.7294,10.1711,35.2501,0.2362,89.5,408.2219,102.4391,9.0293,0.5912,188.8722,-0.6076,965.2044,430.6474,126.0999,189.5332,-40.4679,1.1043,52.016,8.46,0.0557,1814.2419,-0.2066,360.8973,8421.9971,17.4765
88.05,4.5314,10.129,129.1579,42.9128,281.8292,10.3818,34.3319,0.3372,89.2,412.5158,102.6545,7.5336,0.6083,191.6699,-0.4197,958.868,428.1093,136.959,220.9357,-40.49,1.2066,53.9714,9.45,0.0524,1829.6165,-0.3444,366.2619,8328.9748,7.0211
87.95,0.6462,10.9377,128.7024,66.4495,278.3648,9.9957,34.7351,0.2666,89.2,413.5548,39.7737,6.7849,0.5933,188.9405,-0.6435,1061.9769,433.043,143.5584,192.2897,-40.4732,0.9859,53.8343,9.09,0.0602,2070.6257,-0.1982,366.2041,8457.8608,66.5129
88.05,4.3882,11.3837,129.1903,45.0072,281.3582,10.1951,36.0372,0.3367,89.4,413.0059,104.2211,6.2448,0.5944,196.5197,-0.6426,1022.3685,429.1425,132.995,220.5458,-40.5291,1.1678,53.5511,5.72,0.0573,1778.1978,-0.2585,367.5348,8246.2093,55.3083
88.12,4.3131,10.5852,128.461,42.1734,274.2486,10.4127,35.1545,0.3351,89.4,413.1691,103.3347,5.0213,0.6009,197.1456,-0.714,994.5657,429.2849,143.3671,218.621,-40.5198,1.1488,52.9245,4.33,0.0623,1800.7907,-0.1971,368.1008,7998.8024,44.5452
88.65,4.3616,10.6877,130.4445,49.4739,287.4733,9.8555,37.7955,0.2926,89.9,415.384,102.3989,5.3433,0.5725,190.0976,-0.9595,994.5172,437.0472,131.0693,215.047,-40.4101,1.2428,47.2158,8.33,0.0664,1689.8092,-0.2533,366.5434,8379.9438,37.6126
